match,team,batting_slot,player,bowling_slot
0,3,0,57,-1
0,3,1,59,-1
0,3,2,55,-1
0,3,3,58,-1
0,3,4,54,-1
0,3,5,63,4
0,3,6,61,-1
0,3,7,68,0
0,3,8,67,1
0,3,9,70,2
0,3,10,65,3
0,1,0,24,-1
0,1,1,21,-1
0,1,2,18,-1
0,1,3,20,-1
0,1,4,19,-1
0,1,5,28,4
0,1,6,27,-1
0,1,7,29,0
0,1,8,33,1
0,1,9,34,2
0,1,10,35,3
1,2,0,41,-1
1,2,1,38,-1
1,2,2,36,-1
1,2,3,37,-1
1,2,4,40,-1
1,2,5,43,4
1,2,6,46,-1
1,2,7,47,0
1,2,8,48,1
1,2,9,53,2
1,2,10,51,3
1,4,0,72,-1
1,4,1,76,-1
1,4,2,77,-1
1,4,3,73,-1
1,4,4,74,-1
1,4,5,79,4
1,4,6,82,-1
1,4,7,87,0
1,4,8,84,1
1,4,9,89,2
1,4,10,85,3
2,9,0,165,-1
2,9,1,163,-1
2,9,2,164,-1
2,9,3,162,-1
2,9,4,166,-1
2,9,5,172,4
2,9,6,170,-1
2,9,7,175,0
2,9,8,177,1
2,9,9,176,2
2,9,10,179,3
2,0,0,3,-1
2,0,1,6,-1
2,0,2,0,-1
2,0,3,4,-1
2,0,4,5,-1
2,0,5,8,4
2,0,6,10,-1
2,0,7,14,0
2,0,8,13,1
2,0,9,17,2
2,0,10,15,3
3,2,0,36,-1
3,2,1,41,-1
3,2,2,39,-1
3,2,3,40,-1
3,2,4,37,-1
3,2,5,44,4
3,2,6,46,-1
3,2,7,51,0
3,2,8,47,1
3,2,9,48,2
3,2,10,52,3
3,5,0,90,-1
3,5,1,91,-1
3,5,2,92,-1
3,5,3,96,-1
3,5,4,94,-1
3,5,5,99,4
3,5,6,100,-1
3,5,7,103,0
3,5,8,104,1
3,5,9,101,2
3,5,10,107,3
4,5,0,93,-1
4,5,1,94,-1
4,5,2,95,-1
4,5,3,96,-1
4,5,4,91,-1
4,5,5,99,4
4,5,6,100,-1
4,5,7,107,0
4,5,8,103,1
4,5,9,106,2
4,5,10,105,3
4,4,0,73,-1
4,4,1,78,-1
4,4,2,77,-1
4,4,3,72,-1
4,4,4,74,-1
4,4,5,79,4
4,4,6,81,-1
4,4,7,89,0
4,4,8,87,1
4,4,9,85,2
4,4,10,83,3
5,3,0,56,-1
5,3,1,54,-1
5,3,2,58,-1
5,3,3,60,-1
5,3,4,55,-1
5,3,5,62,4
5,3,6,64,-1
5,3,7,65,0
5,3,8,68,1
5,3,9,67,2
5,3,10,69,3
5,9,0,162,-1
5,9,1,167,-1
5,9,2,166,-1
5,9,3,165,-1
5,9,4,163,-1
5,9,5,172,4
5,9,6,171,-1
5,9,7,175,0
5,9,8,179,1
5,9,9,177,2
5,9,10,173,3
6,7,0,131,-1
6,7,1,132,-1
6,7,2,130,-1
6,7,3,128,-1
6,7,4,127,-1
6,7,5,133,4
6,7,6,135,-1
6,7,7,137,0
6,7,8,139,1
6,7,9,140,2
6,7,10,143,3
6,9,0,165,-1
6,9,1,164,-1
6,9,2,167,-1
6,9,3,163,-1
6,9,4,162,-1
6,9,5,172,4
6,9,6,169,-1
6,9,7,176,0
6,9,8,175,1
6,9,9,174,2
6,9,10,178,3
7,5,0,94,-1
7,5,1,90,-1
7,5,2,96,-1
7,5,3,92,-1
7,5,4,95,-1
7,5,5,98,4
7,5,6,100,-1
7,5,7,101,0
7,5,8,106,1
7,5,9,103,2
7,5,10,107,3
7,3,0,60,-1
7,3,1,55,-1
7,3,2,58,-1
7,3,3,54,-1
7,3,4,57,-1
7,3,5,64,4
7,3,6,61,-1
7,3,7,66,0
7,3,8,65,1
7,3,9,67,2
7,3,10,71,3
8,5,0,95,-1
8,5,1,90,-1
8,5,2,91,-1
8,5,3,96,-1
8,5,4,93,-1
8,5,5,99,4
8,5,6,98,-1
8,5,7,105,0
8,5,8,101,1
8,5,9,102,2
8,5,10,103,3
8,8,0,145,-1
8,8,1,150,-1
8,8,2,147,-1
8,8,3,149,-1
8,8,4,144,-1
8,8,5,151,4
8,8,6,152,-1
8,8,7,159,0
8,8,8,160,1
8,8,9,156,2
8,8,10,155,3
9,6,0,109,-1
9,6,1,112,-1
9,6,2,110,-1
9,6,3,113,-1
9,6,4,114,-1
9,6,5,116,4
9,6,6,118,-1
9,6,7,123,0
9,6,8,121,1
9,6,9,119,2
9,6,10,124,3
9,4,0,72,-1
9,4,1,76,-1
9,4,2,78,-1
9,4,3,77,-1
9,4,4,73,-1
9,4,5,81,4
9,4,6,80,-1
9,4,7,89,0
9,4,8,85,1
9,4,9,86,2
9,4,10,88,3
10,1,0,20,-1
10,1,1,19,-1
10,1,2,24,-1
10,1,3,23,-1
10,1,4,22,-1
10,1,5,27,4
10,1,6,28,-1
10,1,7,34,0
10,1,8,32,1
10,1,9,31,2
10,1,10,29,3
10,2,0,37,-1
10,2,1,36,-1
10,2,2,42,-1
10,2,3,41,-1
10,2,4,39,-1
10,2,5,44,4
10,2,6,46,-1
10,2,7,49,0
10,2,8,51,1
10,2,9,48,2
10,2,10,53,3
11,9,0,163,-1
11,9,1,165,-1
11,9,2,168,-1
11,9,3,166,-1
11,9,4,167,-1
11,9,5,172,4
11,9,6,170,-1
11,9,7,179,0
11,9,8,177,1
11,9,9,174,2
11,9,10,176,3
11,4,0,74,-1
11,4,1,72,-1
11,4,2,73,-1
11,4,3,78,-1
11,4,4,75,-1
11,4,5,79,4
11,4,6,81,-1
11,4,7,88,0
11,4,8,89,1
11,4,9,83,2
11,4,10,85,3
12,6,0,108,-1
12,6,1,114,-1
12,6,2,109,-1
12,6,3,113,-1
12,6,4,111,-1
12,6,5,115,4
12,6,6,116,-1
12,6,7,122,0
12,6,8,121,1
12,6,9,123,2
12,6,10,120,3
12,8,0,146,-1
12,8,1,150,-1
12,8,2,144,-1
12,8,3,145,-1
12,8,4,148,-1
12,8,5,151,4
12,8,6,152,-1
12,8,7,159,0
12,8,8,157,1
12,8,9,161,2
12,8,10,156,3
13,9,0,162,-1
13,9,1,165,-1
13,9,2,163,-1
13,9,3,167,-1
13,9,4,168,-1
13,9,5,169,4
13,9,6,170,-1
13,9,7,175,0
13,9,8,177,1
13,9,9,174,2
13,9,10,176,3
13,8,0,148,-1
13,8,1,149,-1
13,8,2,146,-1
13,8,3,144,-1
13,8,4,145,-1
13,8,5,151,4
13,8,6,153,-1
13,8,7,160,0
13,8,8,157,1
13,8,9,155,2
13,8,10,156,3
14,0,0,0,-1
14,0,1,5,-1
14,0,2,4,-1
14,0,3,2,-1
14,0,4,3,-1
14,0,5,8,4
14,0,6,9,-1
14,0,7,16,0
14,0,8,13,1
14,0,9,11,2
14,0,10,17,3
14,2,0,36,-1
14,2,1,41,-1
14,2,2,39,-1
14,2,3,42,-1
14,2,4,40,-1
14,2,5,44,4
14,2,6,43,-1
14,2,7,53,0
14,2,8,51,1
14,2,9,47,2
14,2,10,52,3
15,1,0,24,-1
15,1,1,20,-1
15,1,2,18,-1
15,1,3,22,-1
15,1,4,23,-1
15,1,5,25,4
15,1,6,26,-1
15,1,7,33,0
15,1,8,29,1
15,1,9,34,2
15,1,10,30,3
15,5,0,93,-1
15,5,1,95,-1
15,5,2,94,-1
15,5,3,96,-1
15,5,4,92,-1
15,5,5,100,4
15,5,6,97,-1
15,5,7,104,0
15,5,8,105,1
15,5,9,102,2
15,5,10,101,3
16,6,0,111,-1
16,6,1,110,-1
16,6,2,113,-1
16,6,3,114,-1
16,6,4,108,-1
16,6,5,117,4
16,6,6,116,-1
16,6,7,121,0
16,6,8,120,1
16,6,9,119,2
16,6,10,125,3
16,3,0,54,-1
16,3,1,58,-1
16,3,2,60,-1
16,3,3,55,-1
16,3,4,57,-1
16,3,5,64,4
16,3,6,61,-1
16,3,7,67,0
16,3,8,71,1
16,3,9,65,2
16,3,10,66,3
17,8,0,144,-1
17,8,1,150,-1
17,8,2,146,-1
17,8,3,149,-1
17,8,4,147,-1
17,8,5,152,4
17,8,6,154,-1
17,8,7,158,0
17,8,8,155,1
17,8,9,156,2
17,8,10,161,3
17,6,0,108,-1
17,6,1,109,-1
17,6,2,110,-1
17,6,3,114,-1
17,6,4,113,-1
17,6,5,115,4
17,6,6,118,-1
17,6,7,123,0
17,6,8,125,1
17,6,9,121,2
17,6,10,120,3
18,6,0,110,-1
18,6,1,112,-1
18,6,2,113,-1
18,6,3,114,-1
18,6,4,108,-1
18,6,5,115,4
18,6,6,118,-1
18,6,7,125,0
18,6,8,124,1
18,6,9,120,2
18,6,10,123,3
18,2,0,38,-1
18,2,1,39,-1
18,2,2,41,-1
18,2,3,40,-1
18,2,4,42,-1
18,2,5,45,4
18,2,6,44,-1
18,2,7,50,0
18,2,8,47,1
18,2,9,53,2
18,2,10,48,3
19,4,0,73,-1
19,4,1,77,-1
19,4,2,75,-1
19,4,3,74,-1
19,4,4,76,-1
19,4,5,79,4
19,4,6,80,-1
19,4,7,87,0
19,4,8,85,1
19,4,9,83,2
19,4,10,84,3
19,3,0,55,-1
19,3,1,56,-1
19,3,2,58,-1
19,3,3,54,-1
19,3,4,59,-1
19,3,5,61,4
19,3,6,63,-1
19,3,7,65,0
19,3,8,70,1
19,3,9,71,2
19,3,10,69,3
20,7,0,128,-1
20,7,1,130,-1
20,7,2,131,-1
20,7,3,127,-1
20,7,4,132,-1
20,7,5,136,4
20,7,6,135,-1
20,7,7,140,0
20,7,8,137,1
20,7,9,143,2
20,7,10,142,3
20,5,0,92,-1
20,5,1,94,-1
20,5,2,96,-1
20,5,3,91,-1
20,5,4,90,-1
20,5,5,98,4
20,5,6,97,-1
20,5,7,105,0
20,5,8,102,1
20,5,9,107,2
20,5,10,103,3
21,3,0,56,-1
21,3,1,60,-1
21,3,2,55,-1
21,3,3,54,-1
21,3,4,58,-1
21,3,5,63,4
21,3,6,61,-1
21,3,7,65,0
21,3,8,66,1
21,3,9,67,2
21,3,10,71,3
21,4,0,73,-1
21,4,1,74,-1
21,4,2,76,-1
21,4,3,78,-1
21,4,4,72,-1
21,4,5,80,4
21,4,6,82,-1
21,4,7,89,0
21,4,8,87,1
21,4,9,88,2
21,4,10,85,3
22,1,0,20,-1
22,1,1,18,-1
22,1,2,21,-1
22,1,3,24,-1
22,1,4,23,-1
22,1,5,27,4
22,1,6,25,-1
22,1,7,35,0
22,1,8,32,1
22,1,9,29,2
22,1,10,34,3
22,6,0,110,-1
22,6,1,109,-1
22,6,2,112,-1
22,6,3,111,-1
22,6,4,113,-1
22,6,5,117,4
22,6,6,116,-1
22,6,7,122,0
22,6,8,123,1
22,6,9,125,2
22,6,10,119,3
23,9,0,165,-1
23,9,1,166,-1
23,9,2,163,-1
23,9,3,162,-1
23,9,4,168,-1
23,9,5,172,4
23,9,6,170,-1
23,9,7,176,0
23,9,8,174,1
23,9,9,177,2
23,9,10,178,3
23,3,0,59,-1
23,3,1,55,-1
23,3,2,54,-1
23,3,3,58,-1
23,3,4,60,-1
23,3,5,63,4
23,3,6,64,-1
23,3,7,70,0
23,3,8,66,1
23,3,9,65,2
23,3,10,68,3
24,9,0,167,-1
24,9,1,165,-1
24,9,2,163,-1
24,9,3,164,-1
24,9,4,168,-1
24,9,5,171,4
24,9,6,169,-1
24,9,7,175,0
24,9,8,178,1
24,9,9,179,2
24,9,10,177,3
24,5,0,96,-1
24,5,1,90,-1
24,5,2,92,-1
24,5,3,91,-1
24,5,4,95,-1
24,5,5,98,4
24,5,6,97,-1
24,5,7,103,0
24,5,8,105,1
24,5,9,107,2
24,5,10,104,3
25,5,0,93,-1
25,5,1,90,-1
25,5,2,96,-1
25,5,3,91,-1
25,5,4,92,-1
25,5,5,98,4
25,5,6,99,-1
25,5,7,107,0
25,5,8,102,1
25,5,9,101,2
25,5,10,104,3
25,9,0,167,-1
25,9,1,166,-1
25,9,2,162,-1
25,9,3,164,-1
25,9,4,163,-1
25,9,5,171,4
25,9,6,172,-1
25,9,7,175,0
25,9,8,174,1
25,9,9,176,2
25,9,10,179,3
26,9,0,165,-1
26,9,1,164,-1
26,9,2,166,-1
26,9,3,167,-1
26,9,4,162,-1
26,9,5,170,4
26,9,6,171,-1
26,9,7,176,0
26,9,8,175,1
26,9,9,177,2
26,9,10,178,3
26,6,0,112,-1
26,6,1,111,-1
26,6,2,110,-1
26,6,3,114,-1
26,6,4,113,-1
26,6,5,117,4
26,6,6,118,-1
26,6,7,125,0
26,6,8,123,1
26,6,9,119,2
26,6,10,121,3
27,2,0,38,-1
27,2,1,36,-1
27,2,2,40,-1
27,2,3,41,-1
27,2,4,42,-1
27,2,5,44,4
27,2,6,45,-1
27,2,7,48,0
27,2,8,51,1
27,2,9,53,2
27,2,10,50,3
27,9,0,166,-1
27,9,1,165,-1
27,9,2,162,-1
27,9,3,163,-1
27,9,4,167,-1
27,9,5,171,4
27,9,6,170,-1
27,9,7,179,0
27,9,8,178,1
27,9,9,176,2
27,9,10,175,3
28,1,0,23,-1
28,1,1,19,-1
28,1,2,21,-1
28,1,3,22,-1
28,1,4,24,-1
28,1,5,28,4
28,1,6,26,-1
28,1,7,33,0
28,1,8,30,1
28,1,9,29,2
28,1,10,34,3
28,7,0,130,-1
28,7,1,132,-1
28,7,2,129,-1
28,7,3,128,-1
28,7,4,126,-1
28,7,5,135,4
28,7,6,133,-1
28,7,7,138,0
28,7,8,141,1
28,7,9,140,2
28,7,10,137,3
29,3,0,60,-1
29,3,1,59,-1
29,3,2,54,-1
29,3,3,57,-1
29,3,4,56,-1
29,3,5,64,4
29,3,6,63,-1
29,3,7,71,0
29,3,8,69,1
29,3,9,70,2
29,3,10,65,3
29,6,0,114,-1
29,6,1,111,-1
29,6,2,113,-1
29,6,3,108,-1
29,6,4,109,-1
29,6,5,118,4
29,6,6,117,-1
29,6,7,122,0
29,6,8,125,1
29,6,9,120,2
29,6,10,123,3
30,2,0,36,-1
30,2,1,40,-1
30,2,2,41,-1
30,2,3,38,-1
30,2,4,37,-1
30,2,5,45,4
30,2,6,46,-1
30,2,7,49,0
30,2,8,52,1
30,2,9,48,2
30,2,10,53,3
30,0,0,2,-1
30,0,1,1,-1
30,0,2,3,-1
30,0,3,0,-1
30,0,4,5,-1
30,0,5,9,4
30,0,6,8,-1
30,0,7,13,0
30,0,8,16,1
30,0,9,11,2
30,0,10,14,3
31,8,0,146,-1
31,8,1,150,-1
31,8,2,144,-1
31,8,3,145,-1
31,8,4,149,-1
31,8,5,151,4
31,8,6,154,-1
31,8,7,159,0
31,8,8,158,1
31,8,9,160,2
31,8,10,155,3
31,1,0,22,-1
31,1,1,21,-1
31,1,2,18,-1
31,1,3,19,-1
31,1,4,20,-1
31,1,5,26,4
31,1,6,25,-1
31,1,7,34,0
31,1,8,31,1
31,1,9,29,2
31,1,10,30,3
32,3,0,58,-1
32,3,1,56,-1
32,3,2,54,-1
32,3,3,60,-1
32,3,4,59,-1
32,3,5,61,4
32,3,6,64,-1
32,3,7,71,0
32,3,8,66,1
32,3,9,69,2
32,3,10,68,3
32,7,0,132,-1
32,7,1,131,-1
32,7,2,130,-1
32,7,3,127,-1
32,7,4,128,-1
32,7,5,133,4
32,7,6,135,-1
32,7,7,140,0
32,7,8,141,1
32,7,9,142,2
32,7,10,143,3
33,0,0,6,-1
33,0,1,5,-1
33,0,2,2,-1
33,0,3,0,-1
33,0,4,1,-1
33,0,5,7,4
33,0,6,9,-1
33,0,7,15,0
33,0,8,12,1
33,0,9,14,2
33,0,10,16,3
33,6,0,108,-1
33,6,1,110,-1
33,6,2,113,-1
33,6,3,111,-1
33,6,4,109,-1
33,6,5,115,4
33,6,6,116,-1
33,6,7,123,0
33,6,8,125,1
33,6,9,120,2
33,6,10,124,3
34,3,0,57,-1
34,3,1,60,-1
34,3,2,56,-1
34,3,3,59,-1
34,3,4,58,-1
34,3,5,63,4
34,3,6,64,-1
34,3,7,66,0
34,3,8,65,1
34,3,9,67,2
34,3,10,70,3
34,5,0,93,-1
34,5,1,90,-1
34,5,2,96,-1
34,5,3,94,-1
34,5,4,92,-1
34,5,5,97,4
34,5,6,98,-1
34,5,7,101,0
34,5,8,105,1
34,5,9,103,2
34,5,10,106,3
35,4,0,75,-1
35,4,1,74,-1
35,4,2,78,-1
35,4,3,77,-1
35,4,4,73,-1
35,4,5,81,4
35,4,6,82,-1
35,4,7,83,0
35,4,8,86,1
35,4,9,85,2
35,4,10,88,3
35,7,0,130,-1
35,7,1,131,-1
35,7,2,126,-1
35,7,3,132,-1
35,7,4,129,-1
35,7,5,136,4
35,7,6,133,-1
35,7,7,138,0
35,7,8,140,1
35,7,9,137,2
35,7,10,143,3
36,7,0,129,-1
36,7,1,126,-1
36,7,2,127,-1
36,7,3,130,-1
36,7,4,128,-1
36,7,5,133,4
36,7,6,134,-1
36,7,7,137,0
36,7,8,138,1
36,7,9,140,2
36,7,10,143,3
36,0,0,0,-1
36,0,1,6,-1
36,0,2,2,-1
36,0,3,1,-1
36,0,4,3,-1
36,0,5,9,4
36,0,6,7,-1
36,0,7,17,0
36,0,8,16,1
36,0,9,15,2
36,0,10,14,3
37,8,0,144,-1
37,8,1,146,-1
37,8,2,149,-1
37,8,3,148,-1
37,8,4,145,-1
37,8,5,153,4
37,8,6,154,-1
37,8,7,159,0
37,8,8,158,1
37,8,9,161,2
37,8,10,156,3
37,7,0,130,-1
37,7,1,131,-1
37,7,2,127,-1
37,7,3,126,-1
37,7,4,128,-1
37,7,5,133,4
37,7,6,136,-1
37,7,7,140,0
37,7,8,139,1
37,7,9,141,2
37,7,10,143,3
38,1,0,19,-1
38,1,1,24,-1
38,1,2,18,-1
38,1,3,20,-1
38,1,4,21,-1
38,1,5,25,4
38,1,6,26,-1
38,1,7,31,0
38,1,8,34,1
38,1,9,35,2
38,1,10,29,3
38,8,0,150,-1
38,8,1,145,-1
38,8,2,144,-1
38,8,3,146,-1
38,8,4,148,-1
38,8,5,152,4
38,8,6,153,-1
38,8,7,157,0
38,8,8,159,1
38,8,9,160,2
38,8,10,156,3
39,5,0,96,-1
39,5,1,90,-1
39,5,2,91,-1
39,5,3,95,-1
39,5,4,93,-1
39,5,5,98,4
39,5,6,97,-1
39,5,7,102,0
39,5,8,103,1
39,5,9,107,2
39,5,10,101,3
39,1,0,19,-1
39,1,1,18,-1
39,1,2,24,-1
39,1,3,20,-1
39,1,4,21,-1
39,1,5,25,4
39,1,6,26,-1
39,1,7,34,0
39,1,8,35,1
39,1,9,29,2
39,1,10,32,3
40,2,0,38,-1
40,2,1,39,-1
40,2,2,36,-1
40,2,3,42,-1
40,2,4,40,-1
40,2,5,45,4
40,2,6,46,-1
40,2,7,51,0
40,2,8,50,1
40,2,9,47,2
40,2,10,48,3
40,8,0,145,-1
40,8,1,144,-1
40,8,2,146,-1
40,8,3,147,-1
40,8,4,150,-1
40,8,5,153,4
40,8,6,154,-1
40,8,7,160,0
40,8,8,159,1
40,8,9,161,2
40,8,10,157,3
41,8,0,147,-1
41,8,1,145,-1
41,8,2,149,-1
41,8,3,150,-1
41,8,4,144,-1
41,8,5,151,4
41,8,6,153,-1
41,8,7,156,0
41,8,8,161,1
41,8,9,157,2
41,8,10,160,3
41,5,0,92,-1
41,5,1,90,-1
41,5,2,93,-1
41,5,3,96,-1
41,5,4,94,-1
41,5,5,99,4
41,5,6,98,-1
41,5,7,105,0
41,5,8,103,1
41,5,9,107,2
41,5,10,101,3
42,1,0,23,-1
42,1,1,24,-1
42,1,2,21,-1
42,1,3,22,-1
42,1,4,18,-1
42,1,5,28,4
42,1,6,27,-1
42,1,7,29,0
42,1,8,31,1
42,1,9,32,2
42,1,10,33,3
42,3,0,59,-1
42,3,1,56,-1
42,3,2,57,-1
42,3,3,54,-1
42,3,4,60,-1
42,3,5,62,4
42,3,6,64,-1
42,3,7,71,0
42,3,8,69,1
42,3,9,68,2
42,3,10,70,3
43,8,0,148,-1
43,8,1,147,-1
43,8,2,149,-1
43,8,3,150,-1
43,8,4,146,-1
43,8,5,153,4
43,8,6,152,-1
43,8,7,161,0
43,8,8,155,1
43,8,9,159,2
43,8,10,156,3
43,3,0,57,-1
43,3,1,56,-1
43,3,2,58,-1
43,3,3,54,-1
43,3,4,55,-1
43,3,5,61,4
43,3,6,63,-1
43,3,7,67,0
43,3,8,71,1
43,3,9,66,2
43,3,10,70,3
44,1,0,21,-1
44,1,1,20,-1
44,1,2,22,-1
44,1,3,24,-1
44,1,4,18,-1
44,1,5,26,4
44,1,6,27,-1
44,1,7,32,0
44,1,8,33,1
44,1,9,31,2
44,1,10,30,3
44,9,0,168,-1
44,9,1,167,-1
44,9,2,163,-1
44,9,3,166,-1
44,9,4,165,-1
44,9,5,170,4
44,9,6,172,-1
44,9,7,178,0
44,9,8,179,1
44,9,9,176,2
44,9,10,175,3
45,6,0,111,-1
45,6,1,108,-1
45,6,2,113,-1
45,6,3,114,-1
45,6,4,112,-1
45,6,5,116,4
45,6,6,118,-1
45,6,7,123,0
45,6,8,119,1
45,6,9,124,2
45,6,10,120,3
45,9,0,166,-1
45,9,1,167,-1
45,9,2,165,-1
45,9,3,162,-1
45,9,4,163,-1
45,9,5,172,4
45,9,6,171,-1
45,9,7,174,0
45,9,8,176,1
45,9,9,175,2
45,9,10,178,3
46,5,0,90,-1
46,5,1,93,-1
46,5,2,96,-1
46,5,3,92,-1
46,5,4,94,-1
46,5,5,99,4
46,5,6,98,-1
46,5,7,106,0
46,5,8,103,1
46,5,9,101,2
46,5,10,107,3
46,6,0,110,-1
46,6,1,111,-1
46,6,2,108,-1
46,6,3,113,-1
46,6,4,114,-1
46,6,5,118,4
46,6,6,115,-1
46,6,7,123,0
46,6,8,121,1
46,6,9,119,2
46,6,10,122,3
47,5,0,95,-1
47,5,1,92,-1
47,5,2,93,-1
47,5,3,90,-1
47,5,4,96,-1
47,5,5,97,4
47,5,6,98,-1
47,5,7,102,0
47,5,8,105,1
47,5,9,104,2
47,5,10,103,3
47,7,0,128,-1
47,7,1,132,-1
47,7,2,126,-1
47,7,3,131,-1
47,7,4,130,-1
47,7,5,136,4
47,7,6,133,-1
47,7,7,137,0
47,7,8,139,1
47,7,9,143,2
47,7,10,141,3
48,7,0,130,-1
48,7,1,129,-1
48,7,2,128,-1
48,7,3,131,-1
48,7,4,127,-1
48,7,5,133,4
48,7,6,134,-1
48,7,7,141,0
48,7,8,138,1
48,7,9,139,2
48,7,10,142,3
48,8,0,147,-1
48,8,1,148,-1
48,8,2,146,-1
48,8,3,149,-1
48,8,4,150,-1
48,8,5,151,4
48,8,6,152,-1
48,8,7,155,0
48,8,8,159,1
48,8,9,157,2
48,8,10,160,3
49,6,0,110,-1
49,6,1,114,-1
49,6,2,109,-1
49,6,3,111,-1
49,6,4,112,-1
49,6,5,117,4
49,6,6,118,-1
49,6,7,122,0
49,6,8,125,1
49,6,9,120,2
49,6,10,123,3
49,0,0,2,-1
49,0,1,4,-1
49,0,2,5,-1
49,0,3,1,-1
49,0,4,0,-1
49,0,5,9,4
49,0,6,10,-1
49,0,7,11,0
49,0,8,12,1
49,0,9,16,2
49,0,10,13,3
50,6,0,108,-1
50,6,1,112,-1
50,6,2,111,-1
50,6,3,109,-1
50,6,4,113,-1
50,6,5,116,4
50,6,6,117,-1
50,6,7,120,0
50,6,8,119,1
50,6,9,121,2
50,6,10,125,3
50,7,0,132,-1
50,7,1,127,-1
50,7,2,126,-1
50,7,3,130,-1
50,7,4,128,-1
50,7,5,136,4
50,7,6,135,-1
50,7,7,138,0
50,7,8,140,1
50,7,9,142,2
50,7,10,143,3
51,0,0,0,-1
51,0,1,3,-1
51,0,2,6,-1
51,0,3,5,-1
51,0,4,2,-1
51,0,5,8,4
51,0,6,7,-1
51,0,7,14,0
51,0,8,11,1
51,0,9,16,2
51,0,10,12,3
51,8,0,148,-1
51,8,1,144,-1
51,8,2,145,-1
51,8,3,149,-1
51,8,4,150,-1
51,8,5,153,4
51,8,6,154,-1
51,8,7,161,0
51,8,8,159,1
51,8,9,155,2
51,8,10,158,3
52,7,0,130,-1
52,7,1,126,-1
52,7,2,129,-1
52,7,3,131,-1
52,7,4,127,-1
52,7,5,136,4
52,7,6,133,-1
52,7,7,139,0
52,7,8,140,1
52,7,9,142,2
52,7,10,138,3
52,3,0,58,-1
52,3,1,55,-1
52,3,2,56,-1
52,3,3,60,-1
52,3,4,57,-1
52,3,5,64,4
52,3,6,62,-1
52,3,7,66,0
52,3,8,71,1
52,3,9,68,2
52,3,10,67,3
53,7,0,132,-1
53,7,1,129,-1
53,7,2,131,-1
53,7,3,126,-1
53,7,4,130,-1
53,7,5,134,4
53,7,6,136,-1
53,7,7,140,0
53,7,8,142,1
53,7,9,138,2
53,7,10,139,3
53,6,0,114,-1
53,6,1,112,-1
53,6,2,111,-1
53,6,3,108,-1
53,6,4,110,-1
53,6,5,116,4
53,6,6,115,-1
53,6,7,120,0
53,6,8,125,1
53,6,9,124,2
53,6,10,121,3
54,3,0,59,-1
54,3,1,54,-1
54,3,2,55,-1
54,3,3,56,-1
54,3,4,60,-1
54,3,5,63,4
54,3,6,64,-1
54,3,7,68,0
54,3,8,70,1
54,3,9,67,2
54,3,10,71,3
54,8,0,150,-1
54,8,1,144,-1
54,8,2,147,-1
54,8,3,145,-1
54,8,4,146,-1
54,8,5,152,4
54,8,6,153,-1
54,8,7,156,0
54,8,8,158,1
54,8,9,155,2
54,8,10,160,3
55,5,0,96,-1
55,5,1,90,-1
55,5,2,95,-1
55,5,3,92,-1
55,5,4,91,-1
55,5,5,97,4
55,5,6,99,-1
55,5,7,102,0
55,5,8,103,1
55,5,9,104,2
55,5,10,101,3
55,0,0,4,-1
55,0,1,6,-1
55,0,2,5,-1
55,0,3,1,-1
55,0,4,0,-1
55,0,5,7,4
55,0,6,10,-1
55,0,7,16,0
55,0,8,17,1
55,0,9,15,2
55,0,10,13,3
56,0,0,2,-1
56,0,1,1,-1
56,0,2,5,-1
56,0,3,0,-1
56,0,4,3,-1
56,0,5,7,4
56,0,6,10,-1
56,0,7,14,0
56,0,8,16,1
56,0,9,11,2
56,0,10,12,3
56,1,0,20,-1
56,1,1,24,-1
56,1,2,21,-1
56,1,3,18,-1
56,1,4,23,-1
56,1,5,26,4
56,1,6,27,-1
56,1,7,34,0
56,1,8,33,1
56,1,9,35,2
56,1,10,29,3
57,0,0,4,-1
57,0,1,0,-1
57,0,2,3,-1
57,0,3,6,-1
57,0,4,2,-1
57,0,5,9,4
57,0,6,8,-1
57,0,7,16,0
57,0,8,15,1
57,0,9,17,2
57,0,10,14,3
57,7,0,126,-1
57,7,1,127,-1
57,7,2,130,-1
57,7,3,131,-1
57,7,4,129,-1
57,7,5,134,4
57,7,6,133,-1
57,7,7,141,0
57,7,8,139,1
57,7,9,142,2
57,7,10,143,3
58,1,0,20,-1
58,1,1,24,-1
58,1,2,23,-1
58,1,3,21,-1
58,1,4,18,-1
58,1,5,27,4
58,1,6,25,-1
58,1,7,31,0
58,1,8,30,1
58,1,9,35,2
58,1,10,33,3
58,0,0,4,-1
58,0,1,2,-1
58,0,2,1,-1
58,0,3,5,-1
58,0,4,6,-1
58,0,5,7,4
58,0,6,9,-1
58,0,7,17,0
58,0,8,11,1
58,0,9,15,2
58,0,10,16,3
59,6,0,112,-1
59,6,1,114,-1
59,6,2,111,-1
59,6,3,113,-1
59,6,4,109,-1
59,6,5,116,4
59,6,6,115,-1
59,6,7,119,0
59,6,8,123,1
59,6,9,122,2
59,6,10,120,3
59,1,0,20,-1
59,1,1,19,-1
59,1,2,18,-1
59,1,3,22,-1
59,1,4,21,-1
59,1,5,26,4
59,1,6,28,-1
59,1,7,33,0
59,1,8,31,1
59,1,9,35,2
59,1,10,29,3
60,2,0,41,-1
60,2,1,39,-1
60,2,2,37,-1
60,2,3,40,-1
60,2,4,38,-1
60,2,5,45,4
60,2,6,43,-1
60,2,7,50,0
60,2,8,52,1
60,2,9,49,2
60,2,10,47,3
60,3,0,55,-1
60,3,1,56,-1
60,3,2,58,-1
60,3,3,54,-1
60,3,4,59,-1
60,3,5,64,4
60,3,6,63,-1
60,3,7,70,0
60,3,8,67,1
60,3,9,69,2
60,3,10,65,3
61,9,0,162,-1
61,9,1,166,-1
61,9,2,164,-1
61,9,3,167,-1
61,9,4,165,-1
61,9,5,171,4
61,9,6,172,-1
61,9,7,177,0
61,9,8,178,1
61,9,9,174,2
61,9,10,175,3
61,7,0,130,-1
61,7,1,127,-1
61,7,2,128,-1
61,7,3,129,-1
61,7,4,132,-1
61,7,5,135,4
61,7,6,134,-1
61,7,7,142,0
61,7,8,138,1
61,7,9,139,2
61,7,10,141,3
62,2,0,39,-1
62,2,1,42,-1
62,2,2,36,-1
62,2,3,40,-1
62,2,4,41,-1
62,2,5,45,4
62,2,6,44,-1
62,2,7,53,0
62,2,8,52,1
62,2,9,50,2
62,2,10,48,3
62,6,0,114,-1
62,6,1,111,-1
62,6,2,113,-1
62,6,3,110,-1
62,6,4,112,-1
62,6,5,115,4
62,6,6,117,-1
62,6,7,125,0
62,6,8,120,1
62,6,9,121,2
62,6,10,122,3
63,6,0,108,-1
63,6,1,111,-1
63,6,2,112,-1
63,6,3,113,-1
63,6,4,114,-1
63,6,5,116,4
63,6,6,117,-1
63,6,7,120,0
63,6,8,121,1
63,6,9,125,2
63,6,10,124,3
63,5,0,92,-1
63,5,1,90,-1
63,5,2,93,-1
63,5,3,95,-1
63,5,4,91,-1
63,5,5,99,4
63,5,6,98,-1
63,5,7,105,0
63,5,8,104,1
63,5,9,101,2
63,5,10,102,3
64,7,0,129,-1
64,7,1,130,-1
64,7,2,126,-1
64,7,3,132,-1
64,7,4,131,-1
64,7,5,134,4
64,7,6,133,-1
64,7,7,138,0
64,7,8,139,1
64,7,9,137,2
64,7,10,143,3
64,4,0,78,-1
64,4,1,77,-1
64,4,2,76,-1
64,4,3,72,-1
64,4,4,73,-1
64,4,5,79,4
64,4,6,80,-1
64,4,7,85,0
64,4,8,87,1
64,4,9,88,2
64,4,10,84,3
65,9,0,167,-1
65,9,1,166,-1
65,9,2,163,-1
65,9,3,165,-1
65,9,4,162,-1
65,9,5,171,4
65,9,6,169,-1
65,9,7,174,0
65,9,8,177,1
65,9,9,173,2
65,9,10,178,3
65,1,0,19,-1
65,1,1,21,-1
65,1,2,23,-1
65,1,3,18,-1
65,1,4,22,-1
65,1,5,26,4
65,1,6,27,-1
65,1,7,35,0
65,1,8,29,1
65,1,9,33,2
65,1,10,34,3
66,2,0,40,-1
66,2,1,39,-1
66,2,2,37,-1
66,2,3,42,-1
66,2,4,41,-1
66,2,5,43,4
66,2,6,46,-1
66,2,7,49,0
66,2,8,52,1
66,2,9,51,2
66,2,10,48,3
66,7,0,127,-1
66,7,1,128,-1
66,7,2,132,-1
66,7,3,131,-1
66,7,4,126,-1
66,7,5,134,4
66,7,6,133,-1
66,7,7,137,0
66,7,8,141,1
66,7,9,140,2
66,7,10,139,3
67,3,0,55,-1
67,3,1,54,-1
67,3,2,56,-1
67,3,3,59,-1
67,3,4,60,-1
67,3,5,61,4
67,3,6,63,-1
67,3,7,67,0
67,3,8,71,1
67,3,9,66,2
67,3,10,68,3
67,2,0,36,-1
67,2,1,41,-1
67,2,2,37,-1
67,2,3,38,-1
67,2,4,42,-1
67,2,5,46,4
67,2,6,43,-1
67,2,7,49,0
67,2,8,51,1
67,2,9,52,2
67,2,10,50,3
68,0,0,1,-1
68,0,1,5,-1
68,0,2,0,-1
68,0,3,2,-1
68,0,4,3,-1
68,0,5,9,4
68,0,6,7,-1
68,0,7,14,0
68,0,8,17,1
68,0,9,16,2
68,0,10,11,3
68,3,0,57,-1
68,3,1,60,-1
68,3,2,56,-1
68,3,3,55,-1
68,3,4,58,-1
68,3,5,63,4
68,3,6,64,-1
68,3,7,65,0
68,3,8,68,1
68,3,9,66,2
68,3,10,69,3
69,2,0,40,-1
69,2,1,36,-1
69,2,2,41,-1
69,2,3,37,-1
69,2,4,39,-1
69,2,5,44,4
69,2,6,43,-1
69,2,7,49,0
69,2,8,48,1
69,2,9,50,2
69,2,10,47,3
69,1,0,19,-1
69,1,1,18,-1
69,1,2,21,-1
69,1,3,23,-1
69,1,4,24,-1
69,1,5,25,4
69,1,6,26,-1
69,1,7,34,0
69,1,8,35,1
69,1,9,33,2
69,1,10,30,3
70,8,0,145,-1
70,8,1,146,-1
70,8,2,147,-1
70,8,3,148,-1
70,8,4,150,-1
70,8,5,154,4
70,8,6,153,-1
70,8,7,155,0
70,8,8,160,1
70,8,9,161,2
70,8,10,156,3
70,0,0,2,-1
70,0,1,0,-1
70,0,2,3,-1
70,0,3,6,-1
70,0,4,4,-1
70,0,5,7,4
70,0,6,10,-1
70,0,7,11,0
70,0,8,13,1
70,0,9,17,2
70,0,10,14,3
71,3,0,54,-1
71,3,1,60,-1
71,3,2,58,-1
71,3,3,55,-1
71,3,4,59,-1
71,3,5,63,4
71,3,6,61,-1
71,3,7,69,0
71,3,8,68,1
71,3,9,67,2
71,3,10,66,3
71,0,0,5,-1
71,0,1,3,-1
71,0,2,0,-1
71,0,3,1,-1
71,0,4,2,-1
71,0,5,10,4
71,0,6,9,-1
71,0,7,16,0
71,0,8,13,1
71,0,9,11,2
71,0,10,12,3
72,5,0,93,-1
72,5,1,91,-1
72,5,2,95,-1
72,5,3,96,-1
72,5,4,92,-1
72,5,5,97,4
72,5,6,99,-1
72,5,7,102,0
72,5,8,104,1
72,5,9,105,2
72,5,10,103,3
72,2,0,41,-1
72,2,1,39,-1
72,2,2,40,-1
72,2,3,38,-1
72,2,4,37,-1
72,2,5,43,4
72,2,6,45,-1
72,2,7,53,0
72,2,8,51,1
72,2,9,48,2
72,2,10,49,3
73,8,0,146,-1
73,8,1,147,-1
73,8,2,148,-1
73,8,3,149,-1
73,8,4,150,-1
73,8,5,152,4
73,8,6,153,-1
73,8,7,160,0
73,8,8,161,1
73,8,9,156,2
73,8,10,157,3
73,4,0,73,-1
73,4,1,76,-1
73,4,2,77,-1
73,4,3,74,-1
73,4,4,75,-1
73,4,5,82,4
73,4,6,80,-1
73,4,7,85,0
73,4,8,86,1
73,4,9,87,2
73,4,10,89,3
74,4,0,77,-1
74,4,1,74,-1
74,4,2,75,-1
74,4,3,72,-1
74,4,4,73,-1
74,4,5,82,4
74,4,6,80,-1
74,4,7,89,0
74,4,8,88,1
74,4,9,87,2
74,4,10,83,3
74,6,0,110,-1
74,6,1,112,-1
74,6,2,113,-1
74,6,3,109,-1
74,6,4,114,-1
74,6,5,116,4
74,6,6,117,-1
74,6,7,119,0
74,6,8,124,1
74,6,9,121,2
74,6,10,123,3
75,4,0,78,-1
75,4,1,76,-1
75,4,2,77,-1
75,4,3,75,-1
75,4,4,74,-1
75,4,5,79,4
75,4,6,81,-1
75,4,7,83,0
75,4,8,86,1
75,4,9,84,2
75,4,10,87,3
75,2,0,36,-1
75,2,1,40,-1
75,2,2,42,-1
75,2,3,41,-1
75,2,4,37,-1
75,2,5,46,4
75,2,6,43,-1
75,2,7,51,0
75,2,8,48,1
75,2,9,50,2
75,2,10,47,3
76,8,0,148,-1
76,8,1,149,-1
76,8,2,145,-1
76,8,3,150,-1
76,8,4,147,-1
76,8,5,153,4
76,8,6,151,-1
76,8,7,157,0
76,8,8,158,1
76,8,9,155,2
76,8,10,160,3
76,9,0,162,-1
76,9,1,167,-1
76,9,2,163,-1
76,9,3,166,-1
76,9,4,164,-1
76,9,5,171,4
76,9,6,172,-1
76,9,7,173,0
76,9,8,175,1
76,9,9,176,2
76,9,10,179,3
77,9,0,165,-1
77,9,1,162,-1
77,9,2,164,-1
77,9,3,168,-1
77,9,4,163,-1
77,9,5,172,4
77,9,6,170,-1
77,9,7,173,0
77,9,8,178,1
77,9,9,177,2
77,9,10,179,3
77,2,0,38,-1
77,2,1,37,-1
77,2,2,36,-1
77,2,3,42,-1
77,2,4,40,-1
77,2,5,46,4
77,2,6,44,-1
77,2,7,48,0
77,2,8,51,1
77,2,9,47,2
77,2,10,52,3
78,4,0,74,-1
78,4,1,76,-1
78,4,2,73,-1
78,4,3,75,-1
78,4,4,77,-1
78,4,5,79,4
78,4,6,80,-1
78,4,7,84,0
78,4,8,89,1
78,4,9,83,2
78,4,10,86,3
78,0,0,0,-1
78,0,1,3,-1
78,0,2,4,-1
78,0,3,6,-1
78,0,4,2,-1
78,0,5,8,4
78,0,6,9,-1
78,0,7,16,0
78,0,8,11,1
78,0,9,17,2
78,0,10,12,3
79,1,0,24,-1
79,1,1,22,-1
79,1,2,19,-1
79,1,3,18,-1
79,1,4,21,-1
79,1,5,27,4
79,1,6,26,-1
79,1,7,30,0
79,1,8,31,1
79,1,9,35,2
79,1,10,34,3
79,4,0,76,-1
79,4,1,78,-1
79,4,2,75,-1
79,4,3,74,-1
79,4,4,77,-1
79,4,5,81,4
79,4,6,82,-1
79,4,7,87,0
79,4,8,89,1
79,4,9,88,2
79,4,10,83,3
80,8,0,147,-1
80,8,1,149,-1
80,8,2,148,-1
80,8,3,145,-1
80,8,4,144,-1
80,8,5,151,4
80,8,6,153,-1
80,8,7,158,0
80,8,8,159,1
80,8,9,157,2
80,8,10,161,3
80,2,0,39,-1
80,2,1,36,-1
80,2,2,42,-1
80,2,3,41,-1
80,2,4,38,-1
80,2,5,44,4
80,2,6,45,-1
80,2,7,51,0
80,2,8,48,1
80,2,9,52,2
80,2,10,47,3
81,0,0,3,-1
81,0,1,6,-1
81,0,2,5,-1
81,0,3,1,-1
81,0,4,2,-1
81,0,5,7,4
81,0,6,8,-1
81,0,7,13,0
81,0,8,17,1
81,0,9,15,2
81,0,10,16,3
81,4,0,77,-1
81,4,1,78,-1
81,4,2,72,-1
81,4,3,76,-1
81,4,4,75,-1
81,4,5,79,4
81,4,6,81,-1
81,4,7,84,0
81,4,8,86,1
81,4,9,87,2
81,4,10,89,3
82,4,0,75,-1
82,4,1,78,-1
82,4,2,74,-1
82,4,3,77,-1
82,4,4,76,-1
82,4,5,82,4
82,4,6,80,-1
82,4,7,85,0
82,4,8,84,1
82,4,9,87,2
82,4,10,88,3
82,8,0,144,-1
82,8,1,146,-1
82,8,2,145,-1
82,8,3,149,-1
82,8,4,150,-1
82,8,5,151,4
82,8,6,152,-1
82,8,7,161,0
82,8,8,160,1
82,8,9,157,2
82,8,10,158,3
83,4,0,77,-1
83,4,1,74,-1
83,4,2,78,-1
83,4,3,72,-1
83,4,4,73,-1
83,4,5,79,4
83,4,6,80,-1
83,4,7,84,0
83,4,8,85,1
83,4,9,89,2
83,4,10,86,3
83,5,0,91,-1
83,5,1,93,-1
83,5,2,95,-1
83,5,3,92,-1
83,5,4,94,-1
83,5,5,97,4
83,5,6,99,-1
83,5,7,103,0
83,5,8,104,1
83,5,9,107,2
83,5,10,105,3
84,0,0,0,-1
84,0,1,5,-1
84,0,2,2,-1
84,0,3,3,-1
84,0,4,4,-1
84,0,5,8,4
84,0,6,9,-1
84,0,7,13,0
84,0,8,15,1
84,0,9,16,2
84,0,10,14,3
84,5,0,92,-1
84,5,1,90,-1
84,5,2,91,-1
84,5,3,93,-1
84,5,4,96,-1
84,5,5,97,4
84,5,6,99,-1
84,5,7,104,0
84,5,8,107,1
84,5,9,103,2
84,5,10,105,3
85,7,0,128,-1
85,7,1,131,-1
85,7,2,126,-1
85,7,3,129,-1
85,7,4,127,-1
85,7,5,134,4
85,7,6,135,-1
85,7,7,138,0
85,7,8,137,1
85,7,9,140,2
85,7,10,139,3
85,2,0,38,-1
85,2,1,40,-1
85,2,2,41,-1
85,2,3,39,-1
85,2,4,42,-1
85,2,5,43,4
85,2,6,45,-1
85,2,7,52,0
85,2,8,47,1
85,2,9,53,2
85,2,10,50,3
86,0,0,0,-1
86,0,1,3,-1
86,0,2,2,-1
86,0,3,6,-1
86,0,4,4,-1
86,0,5,9,4
86,0,6,7,-1
86,0,7,17,0
86,0,8,12,1
86,0,9,16,2
86,0,10,14,3
86,9,0,166,-1
86,9,1,164,-1
86,9,2,167,-1
86,9,3,162,-1
86,9,4,168,-1
86,9,5,169,4
86,9,6,172,-1
86,9,7,179,0
86,9,8,175,1
86,9,9,174,2
86,9,10,173,3
87,4,0,78,-1
87,4,1,72,-1
87,4,2,74,-1
87,4,3,76,-1
87,4,4,75,-1
87,4,5,79,4
87,4,6,80,-1
87,4,7,86,0
87,4,8,87,1
87,4,9,88,2
87,4,10,83,3
87,9,0,163,-1
87,9,1,166,-1
87,9,2,164,-1
87,9,3,167,-1
87,9,4,162,-1
87,9,5,171,4
87,9,6,169,-1
87,9,7,175,0
87,9,8,173,1
87,9,9,178,2
87,9,10,179,3
88,7,0,127,-1
88,7,1,131,-1
88,7,2,129,-1
88,7,3,128,-1
88,7,4,126,-1
88,7,5,135,4
88,7,6,134,-1
88,7,7,138,0
88,7,8,140,1
88,7,9,142,2
88,7,10,139,3
88,1,0,22,-1
88,1,1,20,-1
88,1,2,19,-1
88,1,3,21,-1
88,1,4,23,-1
88,1,5,28,4
88,1,6,26,-1
88,1,7,29,0
88,1,8,30,1
88,1,9,33,2
88,1,10,32,3
89,4,0,74,-1
89,4,1,77,-1
89,4,2,78,-1
89,4,3,73,-1
89,4,4,76,-1
89,4,5,79,4
89,4,6,80,-1
89,4,7,86,0
89,4,8,89,1
89,4,9,84,2
89,4,10,83,3
89,1,0,18,-1
89,1,1,20,-1
89,1,2,21,-1
89,1,3,22,-1
89,1,4,19,-1
89,1,5,27,4
89,1,6,26,-1
89,1,7,35,0
89,1,8,31,1
89,1,9,29,2
89,1,10,30,3
90,2,0,127,-1
90,2,1,39,-1
90,2,2,41,-1
90,2,3,42,-1
90,2,4,40,-1
90,2,5,45,4
90,2,6,170,-1
90,2,7,53,0
90,2,8,51,1
90,2,9,49,2
90,2,10,52,3
90,5,0,96,-1
90,5,1,148,-1
90,5,2,95,-1
90,5,3,94,-1
90,5,4,91,-1
90,5,5,97,4
90,5,6,100,-1
90,5,7,34,0
90,5,8,157,1
90,5,9,107,2
90,5,10,12,3
91,1,0,23,-1
91,1,1,21,-1
91,1,2,20,-1
91,1,3,59,-1
91,1,4,128,-1
91,1,5,26,4
91,1,6,28,-1
91,1,7,29,0
91,1,8,120,1
91,1,9,32,2
91,1,10,31,3
91,3,0,56,-1
91,3,1,60,-1
91,3,2,55,-1
91,3,3,58,-1
91,3,4,54,-1
91,3,5,62,4
91,3,6,61,-1
91,3,7,50,0
91,3,8,65,1
91,3,9,69,2
91,3,10,70,3
92,9,0,3,-1
92,9,1,165,-1
92,9,2,163,-1
92,9,3,167,-1
92,9,4,164,-1
92,9,5,172,4
92,9,6,99,-1
92,9,7,179,0
92,9,8,177,1
92,9,9,178,2
92,9,10,173,3
92,8,0,18,-1
92,8,1,145,-1
92,8,2,149,-1
92,8,3,144,-1
92,8,4,150,-1
92,8,5,153,4
92,8,6,154,-1
92,8,7,158,0
92,8,8,68,1
92,8,9,155,2
92,8,10,160,3
93,9,0,164,-1
93,9,1,162,-1
93,9,2,167,-1
93,9,3,3,-1
93,9,4,165,-1
93,9,5,172,4
93,9,6,99,-1
93,9,7,179,0
93,9,8,89,1
93,9,9,178,2
93,9,10,71,3
93,6,0,113,-1
93,6,1,108,-1
93,6,2,73,-1
93,6,3,111,-1
93,6,4,112,-1
93,6,5,117,4
93,6,6,118,-1
93,6,7,105,0
93,6,8,122,1
93,6,9,125,2
93,6,10,119,3
94,3,0,57,-1
94,3,1,60,-1
94,3,2,58,-1
94,3,3,55,-1
94,3,4,54,-1
94,3,5,62,4
94,3,6,63,-1
94,3,7,67,0
94,3,8,69,1
94,3,9,65,2
94,3,10,70,3
94,6,0,109,-1
94,6,1,113,-1
94,6,2,108,-1
94,6,3,112,-1
94,6,4,110,-1
94,6,5,117,4
94,6,6,118,-1
94,6,7,105,0
94,6,8,124,1
94,6,9,125,2
94,6,10,122,3
95,7,0,38,-1
95,7,1,132,-1
95,7,2,129,-1
95,7,3,168,-1
95,7,4,126,-1
95,7,5,135,4
95,7,6,8,-1
95,7,7,138,0
95,7,8,141,1
95,7,9,137,2
95,7,10,139,3
95,2,0,127,-1
95,2,1,40,-1
95,2,2,37,-1
95,2,3,41,-1
95,2,4,39,-1
95,2,5,46,4
95,2,6,44,-1
95,2,7,51,0
95,2,8,53,1
95,2,9,48,2
95,2,10,52,3
96,0,0,6,-1
96,0,1,5,-1
96,0,2,114,-1
96,0,3,2,-1
96,0,4,22,-1
96,0,5,10,4
96,0,6,171,-1
96,0,7,16,0
96,0,8,13,1
96,0,9,17,2
96,0,10,30,3
96,9,0,164,-1
96,9,1,162,-1
96,9,2,165,-1
96,9,3,167,-1
96,9,4,3,-1
96,9,5,43,4
96,9,6,169,-1
96,9,7,177,0
96,9,8,178,1
96,9,9,89,2
96,9,10,173,3
97,7,0,132,-1
97,7,1,131,-1
97,7,2,130,-1
97,7,3,168,-1
97,7,4,126,-1
97,7,5,8,4
97,7,6,134,-1
97,7,7,138,0
97,7,8,143,1
97,7,9,142,2
97,7,10,140,3
97,1,0,128,-1
97,1,1,19,-1
97,1,2,24,-1
97,1,3,21,-1
97,1,4,20,-1
97,1,5,26,4
97,1,6,28,-1
97,1,7,176,0
97,1,8,31,1
97,1,9,120,2
97,1,10,32,3
98,7,0,38,-1
98,7,1,126,-1
98,7,2,131,-1
98,7,3,130,-1
98,7,4,129,-1
98,7,5,8,4
98,7,6,135,-1
98,7,7,142,0
98,7,8,138,1
98,7,9,139,2
98,7,10,143,3
98,6,0,110,-1
98,6,1,73,-1
98,6,2,108,-1
98,6,3,113,-1
98,6,4,109,-1
98,6,5,115,4
98,6,6,116,-1
98,6,7,122,0
98,6,8,119,1
98,6,9,123,2
98,6,10,125,3
99,1,0,59,-1
99,1,1,20,-1
99,1,2,23,-1
99,1,3,24,-1
99,1,4,19,-1
99,1,5,25,4
99,1,6,27,-1
99,1,7,120,0
99,1,8,31,1
99,1,9,101,2
99,1,10,29,3
99,8,0,18,-1
99,8,1,150,-1
99,8,2,149,-1
99,8,3,144,-1
99,8,4,147,-1
99,8,5,151,4
99,8,6,153,-1
99,8,7,159,0
99,8,8,156,1
99,8,9,155,2
99,8,10,68,3
100,3,0,54,-1
100,3,1,58,-1
100,3,2,57,-1
100,3,3,55,-1
100,3,4,56,-1
100,3,5,63,4
100,3,6,62,-1
100,3,7,66,0
100,3,8,67,1
100,3,9,47,2
100,3,10,65,3
100,5,0,90,-1
100,5,1,91,-1
100,5,2,94,-1
100,5,3,96,-1
100,5,4,95,-1
100,5,5,136,4
100,5,6,100,-1
100,5,7,106,0
100,5,8,157,1
100,5,9,12,2
100,5,10,107,3
101,5,0,90,-1
101,5,1,95,-1
101,5,2,92,-1
101,5,3,148,-1
101,5,4,94,-1
101,5,5,100,4
101,5,6,136,-1
101,5,7,102,0
101,5,8,157,1
101,5,9,12,2
101,5,10,34,3
101,0,0,4,-1
101,0,1,2,-1
101,0,2,6,-1
101,0,3,5,-1
101,0,4,77,-1
101,0,5,9,4
101,0,6,7,-1
101,0,7,14,0
101,0,8,30,1
101,0,9,16,2
101,0,10,11,3
102,1,0,23,-1
102,1,1,20,-1
102,1,2,59,-1
102,1,3,21,-1
102,1,4,24,-1
102,1,5,27,4
102,1,6,28,-1
102,1,7,101,0
102,1,8,176,1
102,1,9,120,2
102,1,10,31,3
102,2,0,39,-1
102,2,1,42,-1
102,2,2,41,-1
102,2,3,36,-1
102,2,4,127,-1
102,2,5,170,4
102,2,6,45,-1
102,2,7,33,0
102,2,8,53,1
102,2,9,49,2
102,2,10,104,3
103,9,0,164,-1
103,9,1,162,-1
103,9,2,165,-1
103,9,3,167,-1
103,9,4,163,-1
103,9,5,43,4
103,9,6,169,-1
103,9,7,71,0
103,9,8,173,1
103,9,9,89,2
103,9,10,177,3
103,5,0,148,-1
103,5,1,95,-1
103,5,2,94,-1
103,5,3,90,-1
103,5,4,92,-1
103,5,5,97,4
103,5,6,98,-1
103,5,7,12,0
103,5,8,102,1
103,5,9,107,2
103,5,10,106,3
104,8,0,147,-1
104,8,1,145,-1
104,8,2,149,-1
104,8,3,150,-1
104,8,4,18,-1
104,8,5,152,4
104,8,6,151,-1
104,8,7,156,0
104,8,8,159,1
104,8,9,155,2
104,8,10,68,3
104,1,0,20,-1
104,1,1,59,-1
104,1,2,21,-1
104,1,3,24,-1
104,1,4,128,-1
104,1,5,27,4
104,1,6,25,-1
104,1,7,35,0
104,1,8,120,1
104,1,9,29,2
104,1,10,32,3
105,8,0,150,-1
105,8,1,147,-1
105,8,2,18,-1
105,8,3,144,-1
105,8,4,145,-1
105,8,5,154,4
105,8,6,151,-1
105,8,7,161,0
105,8,8,68,1
105,8,9,156,2
105,8,10,160,3
105,3,0,55,-1
105,3,1,54,-1
105,3,2,56,-1
105,3,3,60,-1
105,3,4,58,-1
105,3,5,61,4
105,3,6,63,-1
105,3,7,65,0
105,3,8,66,1
105,3,9,50,2
105,3,10,70,3
106,0,0,114,-1
106,0,1,4,-1
106,0,2,6,-1
106,0,3,5,-1
106,0,4,22,-1
106,0,5,7,4
106,0,6,9,-1
106,0,7,16,0
106,0,8,15,1
106,0,9,11,2
106,0,10,30,3
106,1,0,19,-1
106,1,1,24,-1
106,1,2,59,-1
106,1,3,21,-1
106,1,4,20,-1
106,1,5,26,4
106,1,6,25,-1
106,1,7,35,0
106,1,8,32,1
106,1,9,101,2
106,1,10,31,3
107,6,0,108,-1
107,6,1,110,-1
107,6,2,73,-1
107,6,3,113,-1
107,6,4,112,-1
107,6,5,116,4
107,6,6,117,-1
107,6,7,122,0
107,6,8,124,1
107,6,9,125,2
107,6,10,123,3
107,9,0,167,-1
107,9,1,162,-1
107,9,2,164,-1
107,9,3,3,-1
107,9,4,163,-1
107,9,5,169,4
107,9,6,172,-1
107,9,7,71,0
107,9,8,177,1
107,9,9,178,2
107,9,10,89,3
108,2,0,36,-1
108,2,1,37,-1
108,2,2,39,-1
108,2,3,40,-1
108,2,4,42,-1
108,2,5,170,4
108,2,6,45,-1
108,2,7,104,0
108,2,8,33,1
108,2,9,49,2
108,2,10,51,3
108,0,0,2,-1
108,0,1,22,-1
108,0,2,6,-1
108,0,3,77,-1
108,0,4,4,-1
108,0,5,10,4
108,0,6,9,-1
108,0,7,17,0
108,0,8,30,1
108,0,9,14,2
108,0,10,16,3
109,4,0,146,-1
109,4,1,76,-1
109,4,2,74,-1
109,4,3,0,-1
109,4,4,78,-1
109,4,5,80,4
109,4,6,79,-1
109,4,7,84,0
109,4,8,85,1
109,4,9,86,2
109,4,10,174,3
109,7,0,168,-1
109,7,1,126,-1
109,7,2,38,-1
109,7,3,129,-1
109,7,4,131,-1
109,7,5,134,4
109,7,6,133,-1
109,7,7,141,0
109,7,8,139,1
109,7,9,143,2
109,7,10,138,3
110,4,0,75,-1
110,4,1,146,-1
110,4,2,0,-1
110,4,3,78,-1
110,4,4,74,-1
110,4,5,82,4
110,4,6,81,-1
110,4,7,84,0
110,4,8,174,1
110,4,9,87,2
110,4,10,83,3
110,0,0,77,-1
110,0,1,22,-1
110,0,2,6,-1
110,0,3,2,-1
110,0,4,114,-1
110,0,5,7,4
110,0,6,10,-1
110,0,7,13,0
110,0,8,14,1
110,0,9,30,2
110,0,10,11,3
111,1,0,23,-1
111,1,1,59,-1
111,1,2,21,-1
111,1,3,128,-1
111,1,4,24,-1
111,1,5,27,4
111,1,6,25,-1
111,1,7,31,0
111,1,8,35,1
111,1,9,32,2
111,1,10,101,3
111,6,0,111,-1
111,6,1,109,-1
111,6,2,112,-1
111,6,3,73,-1
111,6,4,113,-1
111,6,5,115,4
111,6,6,117,-1
111,6,7,105,0
111,6,8,125,1
111,6,9,123,2
111,6,10,121,3
112,4,0,0,-1
112,4,1,75,-1
112,4,2,76,-1
112,4,3,146,-1
112,4,4,78,-1
112,4,5,79,4
112,4,6,81,-1
112,4,7,88,0
112,4,8,174,1
112,4,9,83,2
112,4,10,84,3
112,8,0,145,-1
112,8,1,144,-1
112,8,2,147,-1
112,8,3,150,-1
112,8,4,149,-1
112,8,5,151,4
112,8,6,154,-1
112,8,7,161,0
112,8,8,156,1
112,8,9,159,2
112,8,10,68,3
113,9,0,165,-1
113,9,1,3,-1
113,9,2,162,-1
113,9,3,93,-1
113,9,4,167,-1
113,9,5,99,4
113,9,6,43,-1
113,9,7,179,0
113,9,8,173,1
113,9,9,177,2
113,9,10,175,3
113,2,0,37,-1
113,2,1,40,-1
113,2,2,36,-1
113,2,3,127,-1
113,2,4,41,-1
113,2,5,45,4
113,2,6,46,-1
113,2,7,53,0
113,2,8,51,1
113,2,9,52,2
113,2,10,49,3
114,2,0,127,-1
114,2,1,39,-1
114,2,2,42,-1
114,2,3,40,-1
114,2,4,36,-1
114,2,5,46,4
114,2,6,45,-1
114,2,7,53,0
114,2,8,48,1
114,2,9,33,2
114,2,10,52,3
114,9,0,164,-1
114,9,1,3,-1
114,9,2,93,-1
114,9,3,162,-1
114,9,4,163,-1
114,9,5,99,4
114,9,6,169,-1
114,9,7,177,0
114,9,8,71,1
114,9,9,179,2
114,9,10,173,3
115,0,0,114,-1
115,0,1,6,-1
115,0,2,22,-1
115,0,3,77,-1
115,0,4,2,-1
115,0,5,9,4
115,0,6,7,-1
115,0,7,30,0
115,0,8,14,1
115,0,9,11,2
115,0,10,15,3
115,7,0,130,-1
115,7,1,126,-1
115,7,2,131,-1
115,7,3,132,-1
115,7,4,168,-1
115,7,5,134,4
115,7,6,135,-1
115,7,7,143,0
115,7,8,142,1
115,7,9,141,2
115,7,10,138,3
116,9,0,3,-1
116,9,1,165,-1
116,9,2,162,-1
116,9,3,163,-1
116,9,4,93,-1
116,9,5,99,4
116,9,6,43,-1
116,9,7,71,0
116,9,8,177,1
116,9,9,178,2
116,9,10,89,3
116,0,0,5,-1
116,0,1,114,-1
116,0,2,2,-1
116,0,3,22,-1
116,0,4,4,-1
116,0,5,10,4
116,0,6,7,-1
116,0,7,11,0
116,0,8,17,1
116,0,9,14,2
116,0,10,30,3
117,8,0,1,-1
117,8,1,150,-1
117,8,2,144,-1
117,8,3,145,-1
117,8,4,147,-1
117,8,5,151,4
117,8,6,152,-1
117,8,7,155,0
117,8,8,158,1
117,8,9,159,2
117,8,10,68,3
117,4,0,72,-1
117,4,1,74,-1
117,4,2,0,-1
117,4,3,75,-1
117,4,4,146,-1
117,4,5,79,4
117,4,6,80,-1
117,4,7,84,0
117,4,8,88,1
117,4,9,87,2
117,4,10,85,3
118,3,0,166,-1
118,3,1,60,-1
118,3,2,54,-1
118,3,3,58,-1
118,3,4,57,-1
118,3,5,64,4
118,3,6,61,-1
118,3,7,70,0
118,3,8,65,1
118,3,9,67,2
118,3,10,69,3
118,8,0,149,-1
118,8,1,145,-1
118,8,2,150,-1
118,8,3,144,-1
118,8,4,18,-1
118,8,5,152,4
118,8,6,153,-1
118,8,7,156,0
118,8,8,155,1
118,8,9,160,2
118,8,10,161,3
119,1,0,21,-1
119,1,1,128,-1
119,1,2,23,-1
119,1,3,59,-1
119,1,4,24,-1
119,1,5,26,4
119,1,6,25,-1
119,1,7,35,0
119,1,8,101,1
119,1,9,176,2
119,1,10,120,3
119,4,0,74,-1
119,4,1,146,-1
119,4,2,72,-1
119,4,3,75,-1
119,4,4,76,-1
119,4,5,79,4
119,4,6,82,-1
119,4,7,88,0
119,4,8,87,1
119,4,9,85,2
119,4,10,83,3
120,0,0,4,-1
120,0,1,77,-1
120,0,2,5,-1
120,0,3,114,-1
120,0,4,2,-1
120,0,5,7,4
120,0,6,10,-1
120,0,7,16,0
120,0,8,15,1
120,0,9,11,2
120,0,10,30,3
120,3,0,54,-1
120,3,1,166,-1
120,3,2,60,-1
120,3,3,58,-1
120,3,4,55,-1
120,3,5,63,4
120,3,6,64,-1
120,3,7,67,0
120,3,8,47,1
120,3,9,69,2
120,3,10,70,3
121,9,0,165,-1
121,9,1,167,-1
121,9,2,3,-1
121,9,3,163,-1
121,9,4,162,-1
121,9,5,169,4
121,9,6,43,-1
121,9,7,177,0
121,9,8,179,1
121,9,9,71,2
121,9,10,173,3
121,4,0,146,-1
121,4,1,75,-1
121,4,2,78,-1
121,4,3,74,-1
121,4,4,0,-1
121,4,5,82,4
121,4,6,81,-1
121,4,7,86,0
121,4,8,88,1
121,4,9,87,2
121,4,10,174,3
122,3,0,54,-1
122,3,1,166,-1
122,3,2,58,-1
122,3,3,55,-1
122,3,4,57,-1
122,3,5,63,4
122,3,6,64,-1
122,3,7,69,0
122,3,8,67,1
122,3,9,47,2
122,3,10,66,3
122,0,0,77,-1
122,0,1,114,-1
122,0,2,2,-1
122,0,3,22,-1
122,0,4,5,-1
122,0,5,7,4
122,0,6,171,-1
122,0,7,17,0
122,0,8,15,1
122,0,9,30,2
122,0,10,13,3
123,8,0,147,-1
123,8,1,149,-1
123,8,2,145,-1
123,8,3,1,-1
123,8,4,18,-1
123,8,5,154,4
123,8,6,151,-1
123,8,7,159,0
123,8,8,68,1
123,8,9,155,2
123,8,10,156,3
123,6,0,73,-1
123,6,1,111,-1
123,6,2,109,-1
123,6,3,112,-1
123,6,4,110,-1
123,6,5,116,4
123,6,6,117,-1
123,6,7,122,0
123,6,8,124,1
123,6,9,123,2
123,6,10,119,3
124,0,0,114,-1
124,0,1,6,-1
124,0,2,77,-1
124,0,3,5,-1
124,0,4,4,-1
124,0,5,7,4
124,0,6,9,-1
124,0,7,14,0
124,0,8,30,1
124,0,9,16,2
124,0,10,13,3
124,4,0,72,-1
124,4,1,75,-1
124,4,2,74,-1
124,4,3,76,-1
124,4,4,0,-1
124,4,5,79,4
124,4,6,80,-1
124,4,7,84,0
124,4,8,87,1
124,4,9,85,2
124,4,10,83,3
125,2,0,41,-1
125,2,1,42,-1
125,2,2,127,-1
125,2,3,37,-1
125,2,4,36,-1
125,2,5,46,4
125,2,6,44,-1
125,2,7,48,0
125,2,8,104,1
125,2,9,53,2
125,2,10,51,3
125,1,0,23,-1
125,1,1,128,-1
125,1,2,24,-1
125,1,3,20,-1
125,1,4,19,-1
125,1,5,26,4
125,1,6,25,-1
125,1,7,35,0
125,1,8,101,1
125,1,9,120,2
125,1,10,29,3
126,7,0,38,-1
126,7,1,129,-1
126,7,2,131,-1
126,7,3,126,-1
126,7,4,130,-1
126,7,5,135,4
126,7,6,8,-1
126,7,7,143,0
126,7,8,138,1
126,7,9,140,2
126,7,10,137,3
126,3,0,57,-1
126,3,1,166,-1
126,3,2,55,-1
126,3,3,60,-1
126,3,4,54,-1
126,3,5,62,4
126,3,6,63,-1
126,3,7,70,0
126,3,8,67,1
126,3,9,50,2
126,3,10,65,3
127,5,0,92,-1
127,5,1,148,-1
127,5,2,94,-1
127,5,3,91,-1
127,5,4,96,-1
127,5,5,100,4
127,5,6,97,-1
127,5,7,106,0
127,5,8,103,1
127,5,9,102,2
127,5,10,34,3
127,7,0,129,-1
127,7,1,131,-1
127,7,2,38,-1
127,7,3,168,-1
127,7,4,132,-1
127,7,5,8,4
127,7,6,135,-1
127,7,7,142,0
127,7,8,143,1
127,7,9,138,2
127,7,10,137,3
128,5,0,95,-1
128,5,1,94,-1
128,5,2,91,-1
128,5,3,92,-1
128,5,4,96,-1
128,5,5,98,4
128,5,6,97,-1
128,5,7,107,0
128,5,8,102,1
128,5,9,103,2
128,5,10,34,3
128,3,0,58,-1
128,3,1,54,-1
128,3,2,60,-1
128,3,3,56,-1
128,3,4,57,-1
128,3,5,61,4
128,3,6,64,-1
128,3,7,67,0
128,3,8,50,1
128,3,9,66,2
128,3,10,70,3
129,6,0,111,-1
129,6,1,112,-1
129,6,2,113,-1
129,6,3,109,-1
129,6,4,108,-1
129,6,5,117,4
129,6,6,118,-1
129,6,7,119,0
129,6,8,123,1
129,6,9,121,2
129,6,10,105,3
129,8,0,149,-1
129,8,1,144,-1
129,8,2,1,-1
129,8,3,18,-1
129,8,4,147,-1
129,8,5,154,4
129,8,6,151,-1
129,8,7,159,0
129,8,8,156,1
129,8,9,68,2
129,8,10,161,3
130,6,0,110,-1
130,6,1,109,-1
130,6,2,112,-1
130,6,3,73,-1
130,6,4,108,-1
130,6,5,118,4
130,6,6,116,-1
130,6,7,105,0
130,6,8,125,1
130,6,9,122,2
130,6,10,124,3
130,4,0,0,-1
130,4,1,78,-1
130,4,2,72,-1
130,4,3,146,-1
130,4,4,75,-1
130,4,5,79,4
130,4,6,80,-1
130,4,7,174,0
130,4,8,88,1
130,4,9,86,2
130,4,10,83,3
131,6,0,112,-1
131,6,1,108,-1
131,6,2,113,-1
131,6,3,111,-1
131,6,4,73,-1
131,6,5,117,4
131,6,6,118,-1
131,6,7,119,0
131,6,8,125,1
131,6,9,105,2
131,6,10,122,3
131,0,0,77,-1
131,0,1,4,-1
131,0,2,6,-1
131,0,3,114,-1
131,0,4,2,-1
131,0,5,10,4
131,0,6,171,-1
131,0,7,30,0
131,0,8,16,1
131,0,9,14,2
131,0,10,13,3
132,8,0,145,-1
132,8,1,18,-1
132,8,2,150,-1
132,8,3,147,-1
132,8,4,1,-1
132,8,5,153,4
132,8,6,152,-1
132,8,7,155,0
132,8,8,158,1
132,8,9,156,2
132,8,10,68,3
132,5,0,92,-1
132,5,1,94,-1
132,5,2,91,-1
132,5,3,96,-1
132,5,4,148,-1
132,5,5,100,4
132,5,6,136,-1
132,5,7,34,0
132,5,8,106,1
132,5,9,103,2
132,5,10,107,3
133,2,0,39,-1
133,2,1,42,-1
133,2,2,41,-1
133,2,3,127,-1
133,2,4,40,-1
133,2,5,44,4
133,2,6,170,-1
133,2,7,33,0
133,2,8,51,1
133,2,9,53,2
133,2,10,104,3
133,6,0,109,-1
133,6,1,111,-1
133,6,2,110,-1
133,6,3,112,-1
133,6,4,108,-1
133,6,5,116,4
133,6,6,117,-1
133,6,7,125,0
133,6,8,121,1
133,6,9,122,2
133,6,10,124,3
134,6,0,73,-1
134,6,1,109,-1
134,6,2,113,-1
134,6,3,111,-1
134,6,4,108,-1
134,6,5,116,4
134,6,6,115,-1
134,6,7,124,0
134,6,8,105,1
134,6,9,125,2
134,6,10,123,3
134,1,0,128,-1
134,1,1,19,-1
134,1,2,20,-1
134,1,3,59,-1
134,1,4,21,-1
134,1,5,26,4
134,1,6,28,-1
134,1,7,32,0
134,1,8,120,1
134,1,9,29,2
134,1,10,31,3
135,2,0,39,-1
135,2,1,40,-1
135,2,2,36,-1
135,2,3,42,-1
135,2,4,37,-1
135,2,5,45,4
135,2,6,46,-1
135,2,7,53,0
135,2,8,49,1
135,2,9,104,2
135,2,10,48,3
135,3,0,56,-1
135,3,1,166,-1
135,3,2,58,-1
135,3,3,54,-1
135,3,4,60,-1
135,3,5,64,4
135,3,6,61,-1
135,3,7,50,0
135,3,8,47,1
135,3,9,69,2
135,3,10,65,3
136,3,0,166,-1
136,3,1,58,-1
136,3,2,55,-1
136,3,3,60,-1
136,3,4,54,-1
136,3,5,61,4
136,3,6,62,-1
136,3,7,50,0
136,3,8,69,1
136,3,9,66,2
136,3,10,70,3
136,9,0,163,-1
136,9,1,162,-1
136,9,2,165,-1
136,9,3,93,-1
136,9,4,164,-1
136,9,5,169,4
136,9,6,172,-1
136,9,7,177,0
136,9,8,89,1
136,9,9,179,2
136,9,10,175,3
137,4,0,146,-1
137,4,1,74,-1
137,4,2,72,-1
137,4,3,76,-1
137,4,4,0,-1
137,4,5,81,4
137,4,6,80,-1
137,4,7,88,0
137,4,8,86,1
137,4,9,83,2
137,4,10,84,3
137,1,0,21,-1
137,1,1,24,-1
137,1,2,20,-1
137,1,3,19,-1
137,1,4,128,-1
137,1,5,28,4
137,1,6,25,-1
137,1,7,176,0
137,1,8,101,1
137,1,9,32,2
137,1,10,29,3
138,6,0,113,-1
138,6,1,110,-1
138,6,2,111,-1
138,6,3,109,-1
138,6,4,112,-1
138,6,5,118,4
138,6,6,116,-1
138,6,7,119,0
138,6,8,124,1
138,6,9,105,2
138,6,10,122,3
138,7,0,129,-1
138,7,1,126,-1
138,7,2,38,-1
138,7,3,131,-1
138,7,4,132,-1
138,7,5,135,4
138,7,6,133,-1
138,7,7,140,0
138,7,8,142,1
138,7,9,143,2
138,7,10,141,3
139,4,0,146,-1
139,4,1,75,-1
139,4,2,76,-1
139,4,3,74,-1
139,4,4,72,-1
139,4,5,82,4
139,4,6,80,-1
139,4,7,83,0
139,4,8,88,1
139,4,9,85,2
139,4,10,86,3
139,5,0,148,-1
139,5,1,94,-1
139,5,2,92,-1
139,5,3,96,-1
139,5,4,90,-1
139,5,5,100,4
139,5,6,97,-1
139,5,7,34,0
139,5,8,106,1
139,5,9,107,2
139,5,10,157,3
140,9,0,162,-1
140,9,1,165,-1
140,9,2,3,-1
140,9,3,93,-1
140,9,4,163,-1
140,9,5,43,4
140,9,6,99,-1
140,9,7,89,0
140,9,8,173,1
140,9,9,178,2
140,9,10,71,3
140,1,0,128,-1
140,1,1,23,-1
140,1,2,59,-1
140,1,3,21,-1
140,1,4,20,-1
140,1,5,28,4
140,1,6,26,-1
140,1,7,176,0
140,1,8,101,1
140,1,9,32,2
140,1,10,29,3
141,8,0,18,-1
141,8,1,147,-1
141,8,2,149,-1
141,8,3,150,-1
141,8,4,1,-1
141,8,5,152,4
141,8,6,154,-1
141,8,7,160,0
141,8,8,158,1
141,8,9,161,2
141,8,10,159,3
141,0,0,2,-1
141,0,1,77,-1
141,0,2,22,-1
141,0,3,4,-1
141,0,4,5,-1
141,0,5,10,4
141,0,6,171,-1
141,0,7,13,0
141,0,8,15,1
141,0,9,17,2
141,0,10,11,3
142,5,0,148,-1
142,5,1,92,-1
142,5,2,95,-1
142,5,3,96,-1
142,5,4,94,-1
142,5,5,100,4
142,5,6,97,-1
142,5,7,106,0
142,5,8,34,1
142,5,9,12,2
142,5,10,107,3
142,6,0,113,-1
142,6,1,109,-1
142,6,2,110,-1
142,6,3,73,-1
142,6,4,112,-1
142,6,5,117,4
142,6,6,116,-1
142,6,7,119,0
142,6,8,125,1
142,6,9,121,2
142,6,10,105,3
143,1,0,23,-1
143,1,1,20,-1
143,1,2,128,-1
143,1,3,21,-1
143,1,4,19,-1
143,1,5,28,4
143,1,6,27,-1
143,1,7,32,0
143,1,8,29,1
143,1,9,101,2
143,1,10,35,3
143,5,0,96,-1
143,5,1,94,-1
143,5,2,95,-1
143,5,3,92,-1
143,5,4,148,-1
143,5,5,136,4
143,5,6,98,-1
143,5,7,12,0
143,5,8,157,1
143,5,9,103,2
143,5,10,34,3
144,8,0,145,-1
144,8,1,18,-1
144,8,2,1,-1
144,8,3,149,-1
144,8,4,147,-1
144,8,5,153,4
144,8,6,151,-1
144,8,7,68,0
144,8,8,158,1
144,8,9,156,2
144,8,10,161,3
144,7,0,129,-1
144,7,1,38,-1
144,7,2,131,-1
144,7,3,126,-1
144,7,4,132,-1
144,7,5,8,4
144,7,6,135,-1
144,7,7,143,0
144,7,8,142,1
144,7,9,140,2
144,7,10,138,3
145,4,0,75,-1
145,4,1,76,-1
145,4,2,0,-1
145,4,3,72,-1
145,4,4,146,-1
145,4,5,80,4
145,4,6,81,-1
145,4,7,84,0
145,4,8,174,1
145,4,9,83,2
145,4,10,88,3
145,6,0,73,-1
145,6,1,113,-1
145,6,2,110,-1
145,6,3,109,-1
145,6,4,111,-1
145,6,5,117,4
145,6,6,115,-1
145,6,7,122,0
145,6,8,105,1
145,6,9,121,2
145,6,10,125,3
146,8,0,145,-1
146,8,1,18,-1
146,8,2,1,-1
146,8,3,147,-1
146,8,4,150,-1
146,8,5,152,4
146,8,6,153,-1
146,8,7,159,0
146,8,8,68,1
146,8,9,160,2
146,8,10,156,3
146,9,0,165,-1
146,9,1,93,-1
146,9,2,163,-1
146,9,3,162,-1
146,9,4,164,-1
146,9,5,43,4
146,9,6,172,-1
146,9,7,175,0
146,9,8,173,1
146,9,9,177,2
146,9,10,71,3
147,7,0,131,-1
147,7,1,129,-1
147,7,2,126,-1
147,7,3,168,-1
147,7,4,130,-1
147,7,5,134,4
147,7,6,133,-1
147,7,7,139,0
147,7,8,138,1
147,7,9,140,2
147,7,10,142,3
147,0,0,22,-1
147,0,1,4,-1
147,0,2,5,-1
147,0,3,114,-1
147,0,4,2,-1
147,0,5,171,4
147,0,6,10,-1
147,0,7,15,0
147,0,8,30,1
147,0,9,11,2
147,0,10,14,3
148,5,0,90,-1
148,5,1,94,-1
148,5,2,148,-1
148,5,3,91,-1
148,5,4,92,-1
148,5,5,136,4
148,5,6,98,-1
148,5,7,34,0
148,5,8,107,1
148,5,9,102,2
148,5,10,12,3
148,2,0,42,-1
148,2,1,41,-1
148,2,2,36,-1
148,2,3,40,-1
148,2,4,39,-1
148,2,5,46,4
148,2,6,170,-1
148,2,7,104,0
148,2,8,51,1
148,2,9,53,2
148,2,10,52,3
149,1,0,128,-1
149,1,1,23,-1
149,1,2,20,-1
149,1,3,21,-1
149,1,4,59,-1
149,1,5,26,4
149,1,6,27,-1
149,1,7,120,0
149,1,8,31,1
149,1,9,176,2
149,1,10,101,3
149,0,0,5,-1
149,0,1,22,-1
149,0,2,4,-1
149,0,3,77,-1
149,0,4,6,-1
149,0,5,10,4
149,0,6,171,-1
149,0,7,30,0
149,0,8,13,1
149,0,9,14,2
149,0,10,17,3
150,6,0,111,-1
150,6,1,110,-1
150,6,2,109,-1
150,6,3,73,-1
150,6,4,113,-1
150,6,5,116,4
150,6,6,115,-1
150,6,7,123,0
150,6,8,124,1
150,6,9,122,2
150,6,10,125,3
150,3,0,166,-1
150,3,1,58,-1
150,3,2,55,-1
150,3,3,54,-1
150,3,4,56,-1
150,3,5,62,4
150,3,6,64,-1
150,3,7,70,0
150,3,8,66,1
150,3,9,67,2
150,3,10,50,3
151,5,0,91,-1
151,5,1,148,-1
151,5,2,92,-1
151,5,3,90,-1
151,5,4,94,-1
151,5,5,100,4
151,5,6,136,-1
151,5,7,102,0
151,5,8,34,1
151,5,9,157,2
151,5,10,107,3
151,9,0,3,-1
151,9,1,163,-1
151,9,2,165,-1
151,9,3,93,-1
151,9,4,164,-1
151,9,5,99,4
151,9,6,169,-1
151,9,7,173,0
151,9,8,89,1
151,9,9,175,2
151,9,10,71,3
152,5,0,91,-1
152,5,1,94,-1
152,5,2,90,-1
152,5,3,92,-1
152,5,4,96,-1
152,5,5,136,4
152,5,6,100,-1
152,5,7,157,0
152,5,8,12,1
152,5,9,102,2
152,5,10,106,3
152,1,0,128,-1
152,1,1,19,-1
152,1,2,59,-1
152,1,3,24,-1
152,1,4,21,-1
152,1,5,28,4
152,1,6,26,-1
152,1,7,31,0
152,1,8,120,1
152,1,9,29,2
152,1,10,176,3
153,2,0,42,-1
153,2,1,39,-1
153,2,2,36,-1
153,2,3,41,-1
153,2,4,37,-1
153,2,5,44,4
153,2,6,170,-1
153,2,7,33,0
153,2,8,53,1
153,2,9,52,2
153,2,10,48,3
153,8,0,145,-1
153,8,1,147,-1
153,8,2,149,-1
153,8,3,18,-1
153,8,4,144,-1
153,8,5,151,4
153,8,6,152,-1
153,8,7,155,0
153,8,8,68,1
153,8,9,161,2
153,8,10,160,3
154,1,0,59,-1
154,1,1,19,-1
154,1,2,20,-1
154,1,3,21,-1
154,1,4,128,-1
154,1,5,27,4
154,1,6,28,-1
154,1,7,101,0
154,1,8,176,1
154,1,9,120,2
154,1,10,35,3
154,7,0,131,-1
154,7,1,126,-1
154,7,2,168,-1
154,7,3,129,-1
154,7,4,132,-1
154,7,5,133,4
154,7,6,8,-1
154,7,7,143,0
154,7,8,141,1
154,7,9,139,2
154,7,10,137,3
155,5,0,96,-1
155,5,1,92,-1
155,5,2,95,-1
155,5,3,148,-1
155,5,4,94,-1
155,5,5,136,4
155,5,6,98,-1
155,5,7,34,0
155,5,8,107,1
155,5,9,12,2
155,5,10,157,3
155,8,0,147,-1
155,8,1,18,-1
155,8,2,145,-1
155,8,3,1,-1
155,8,4,150,-1
155,8,5,151,4
155,8,6,153,-1
155,8,7,158,0
155,8,8,155,1
155,8,9,161,2
155,8,10,160,3
156,3,0,54,-1
156,3,1,55,-1
156,3,2,166,-1
156,3,3,60,-1
156,3,4,56,-1
156,3,5,63,4
156,3,6,64,-1
156,3,7,69,0
156,3,8,70,1
156,3,9,67,2
156,3,10,50,3
156,1,0,24,-1
156,1,1,128,-1
156,1,2,20,-1
156,1,3,21,-1
156,1,4,59,-1
156,1,5,25,4
156,1,6,28,-1
156,1,7,176,0
156,1,8,35,1
156,1,9,29,2
156,1,10,31,3
157,7,0,129,-1
157,7,1,130,-1
157,7,2,132,-1
157,7,3,38,-1
157,7,4,168,-1
157,7,5,8,4
157,7,6,133,-1
157,7,7,143,0
157,7,8,139,1
157,7,9,138,2
157,7,10,141,3
157,9,0,3,-1
157,9,1,165,-1
157,9,2,93,-1
157,9,3,162,-1
157,9,4,163,-1
157,9,5,99,4
157,9,6,172,-1
157,9,7,71,0
157,9,8,179,1
157,9,9,175,2
157,9,10,89,3
158,3,0,56,-1
158,3,1,60,-1
158,3,2,166,-1
158,3,3,57,-1
158,3,4,58,-1
158,3,5,63,4
158,3,6,61,-1
158,3,7,66,0
158,3,8,67,1
158,3,9,70,2
158,3,10,65,3
158,7,0,38,-1
158,7,1,130,-1
158,7,2,132,-1
158,7,3,131,-1
158,7,4,168,-1
158,7,5,8,4
158,7,6,134,-1
158,7,7,139,0
158,7,8,137,1
158,7,9,140,2
158,7,10,141,3
159,2,0,36,-1
159,2,1,39,-1
159,2,2,42,-1
159,2,3,41,-1
159,2,4,40,-1
159,2,5,44,4
159,2,6,46,-1
159,2,7,52,0
159,2,8,53,1
159,2,9,51,2
159,2,10,49,3
159,7,0,131,-1
159,7,1,126,-1
159,7,2,129,-1
159,7,3,130,-1
159,7,4,132,-1
159,7,5,134,4
159,7,6,135,-1
159,7,7,137,0
159,7,8,139,1
159,7,9,141,2
159,7,10,143,3
160,7,0,129,-1
160,7,1,130,-1
160,7,2,126,-1
160,7,3,131,-1
160,7,4,132,-1
160,7,5,133,4
160,7,6,134,-1
160,7,7,140,0
160,7,8,143,1
160,7,9,137,2
160,7,10,141,3
160,4,0,146,-1
160,4,1,74,-1
160,4,2,72,-1
160,4,3,0,-1
160,4,4,75,-1
160,4,5,80,4
160,4,6,81,-1
160,4,7,86,0
160,4,8,88,1
160,4,9,83,2
160,4,10,174,3
161,0,0,2,-1
161,0,1,5,-1
161,0,2,77,-1
161,0,3,114,-1
161,0,4,22,-1
161,0,5,10,4
161,0,6,7,-1
161,0,7,16,0
161,0,8,13,1
161,0,9,14,2
161,0,10,15,3
161,5,0,95,-1
161,5,1,148,-1
161,5,2,91,-1
161,5,3,94,-1
161,5,4,90,-1
161,5,5,98,4
161,5,6,136,-1
161,5,7,157,0
161,5,8,107,1
161,5,9,34,2
161,5,10,106,3
162,9,0,3,-1
162,9,1,164,-1
162,9,2,162,-1
162,9,3,165,-1
162,9,4,93,-1
162,9,5,172,4
162,9,6,99,-1
162,9,7,71,0
162,9,8,177,1
162,9,9,179,2
162,9,10,175,3
162,7,0,132,-1
162,7,1,129,-1
162,7,2,131,-1
162,7,3,168,-1
162,7,4,126,-1
162,7,5,134,4
162,7,6,8,-1
162,7,7,138,0
162,7,8,139,1
162,7,9,143,2
162,7,10,141,3
163,7,0,131,-1
163,7,1,38,-1
163,7,2,130,-1
163,7,3,129,-1
163,7,4,126,-1
163,7,5,135,4
163,7,6,8,-1
163,7,7,137,0
163,7,8,139,1
163,7,9,143,2
163,7,10,142,3
163,5,0,95,-1
163,5,1,148,-1
163,5,2,91,-1
163,5,3,94,-1
163,5,4,96,-1
163,5,5,100,4
163,5,6,98,-1
163,5,7,157,0
163,5,8,103,1
163,5,9,107,2
163,5,10,102,3
164,5,0,94,-1
164,5,1,148,-1
164,5,2,95,-1
164,5,3,92,-1
164,5,4,91,-1
164,5,5,97,4
164,5,6,100,-1
164,5,7,34,0
164,5,8,107,1
164,5,9,106,2
164,5,10,103,3
164,4,0,0,-1
164,4,1,78,-1
164,4,2,146,-1
164,4,3,74,-1
164,4,4,76,-1
164,4,5,80,4
164,4,6,82,-1
164,4,7,88,0
164,4,8,84,1
164,4,9,83,2
164,4,10,87,3
165,3,0,166,-1
165,3,1,57,-1
165,3,2,60,-1
165,3,3,56,-1
165,3,4,55,-1
165,3,5,64,4
165,3,6,61,-1
165,3,7,67,0
165,3,8,66,1
165,3,9,69,2
165,3,10,50,3
165,4,0,72,-1
165,4,1,76,-1
165,4,2,75,-1
165,4,3,146,-1
165,4,4,0,-1
165,4,5,82,4
165,4,6,79,-1
165,4,7,86,0
165,4,8,87,1
165,4,9,84,2
165,4,10,174,3
166,4,0,72,-1
166,4,1,75,-1
166,4,2,0,-1
166,4,3,78,-1
166,4,4,76,-1
166,4,5,81,4
166,4,6,82,-1
166,4,7,85,0
166,4,8,88,1
166,4,9,174,2
166,4,10,87,3
166,3,0,58,-1
166,3,1,56,-1
166,3,2,57,-1
166,3,3,60,-1
166,3,4,55,-1
166,3,5,62,4
166,3,6,63,-1
166,3,7,70,0
166,3,8,65,1
166,3,9,47,2
166,3,10,66,3
167,0,0,77,-1
167,0,1,4,-1
167,0,2,2,-1
167,0,3,114,-1
167,0,4,6,-1
167,0,5,7,4
167,0,6,10,-1
167,0,7,11,0
167,0,8,13,1
167,0,9,14,2
167,0,10,16,3
167,6,0,113,-1
167,6,1,73,-1
167,6,2,110,-1
167,6,3,108,-1
167,6,4,109,-1
167,6,5,118,4
167,6,6,116,-1
167,6,7,123,0
167,6,8,121,1
167,6,9,119,2
167,6,10,105,3
168,6,0,111,-1
168,6,1,112,-1
168,6,2,109,-1
168,6,3,110,-1
168,6,4,73,-1
168,6,5,118,4
168,6,6,115,-1
168,6,7,121,0
168,6,8,105,1
168,6,9,119,2
168,6,10,123,3
168,2,0,41,-1
168,2,1,40,-1
168,2,2,127,-1
168,2,3,37,-1
168,2,4,42,-1
168,2,5,170,4
168,2,6,44,-1
168,2,7,52,0
168,2,8,51,1
168,2,9,48,2
168,2,10,33,3
169,4,0,74,-1
169,4,1,72,-1
169,4,2,146,-1
169,4,3,0,-1
169,4,4,76,-1
169,4,5,81,4
169,4,6,82,-1
169,4,7,86,0
169,4,8,85,1
169,4,9,88,2
169,4,10,84,3
169,9,0,163,-1
169,9,1,167,-1
169,9,2,3,-1
169,9,3,164,-1
169,9,4,165,-1
169,9,5,43,4
169,9,6,99,-1
169,9,7,178,0
169,9,8,179,1
169,9,9,177,2
169,9,10,89,3
170,9,0,93,-1
170,9,1,163,-1
170,9,2,167,-1
170,9,3,162,-1
170,9,4,164,-1
170,9,5,99,4
170,9,6,172,-1
170,9,7,89,0
170,9,8,179,1
170,9,9,177,2
170,9,10,178,3
170,3,0,57,-1
170,3,1,56,-1
170,3,2,58,-1
170,3,3,60,-1
170,3,4,166,-1
170,3,5,62,4
170,3,6,64,-1
170,3,7,69,0
170,3,8,66,1
170,3,9,67,2
170,3,10,50,3
171,4,0,74,-1
171,4,1,72,-1
171,4,2,75,-1
171,4,3,0,-1
171,4,4,76,-1
171,4,5,80,4
171,4,6,81,-1
171,4,7,83,0
171,4,8,174,1
171,4,9,87,2
171,4,10,85,3
171,2,0,127,-1
171,2,1,40,-1
171,2,2,37,-1
171,2,3,42,-1
171,2,4,39,-1
171,2,5,170,4
171,2,6,46,-1
171,2,7,104,0
171,2,8,51,1
171,2,9,33,2
171,2,10,48,3
172,3,0,54,-1
172,3,1,56,-1
172,3,2,57,-1
172,3,3,58,-1
172,3,4,166,-1
172,3,5,61,4
172,3,6,64,-1
172,3,7,66,0
172,3,8,67,1
172,3,9,50,2
172,3,10,47,3
172,2,0,39,-1
172,2,1,42,-1
172,2,2,40,-1
172,2,3,37,-1
172,2,4,36,-1
172,2,5,44,4
172,2,6,170,-1
172,2,7,48,0
172,2,8,33,1
172,2,9,52,2
172,2,10,104,3
173,8,0,1,-1
173,8,1,145,-1
173,8,2,144,-1
173,8,3,150,-1
173,8,4,18,-1
173,8,5,153,4
173,8,6,152,-1
173,8,7,158,0
173,8,8,160,1
173,8,9,159,2
173,8,10,155,3
173,2,0,39,-1
173,2,1,42,-1
173,2,2,37,-1
173,2,3,41,-1
173,2,4,127,-1
173,2,5,46,4
173,2,6,170,-1
173,2,7,48,0
173,2,8,104,1
173,2,9,33,2
173,2,10,49,3
174,0,0,5,-1
174,0,1,22,-1
174,0,2,2,-1
174,0,3,6,-1
174,0,4,114,-1
174,0,5,7,4
174,0,6,171,-1
174,0,7,11,0
174,0,8,13,1
174,0,9,17,2
174,0,10,16,3
174,8,0,150,-1
174,8,1,144,-1
174,8,2,1,-1
174,8,3,147,-1
174,8,4,149,-1
174,8,5,153,4
174,8,6,151,-1
174,8,7,159,0
174,8,8,156,1
174,8,9,160,2
174,8,10,158,3
175,7,0,132,-1
175,7,1,168,-1
175,7,2,38,-1
175,7,3,130,-1
175,7,4,131,-1
175,7,5,135,4
175,7,6,8,-1
175,7,7,138,0
175,7,8,142,1
175,7,9,143,2
175,7,10,139,3
175,8,0,145,-1
175,8,1,150,-1
175,8,2,18,-1
175,8,3,149,-1
175,8,4,1,-1
175,8,5,154,4
175,8,6,151,-1
175,8,7,158,0
175,8,8,160,1
175,8,9,161,2
175,8,10,156,3
176,6,0,110,-1
176,6,1,73,-1
176,6,2,112,-1
176,6,3,111,-1
176,6,4,108,-1
176,6,5,115,4
176,6,6,118,-1
176,6,7,122,0
176,6,8,105,1
176,6,9,123,2
176,6,10,119,3
176,5,0,91,-1
176,5,1,148,-1
176,5,2,96,-1
176,5,3,94,-1
176,5,4,90,-1
176,5,5,97,4
176,5,6,98,-1
176,5,7,34,0
176,5,8,157,1
176,5,9,106,2
176,5,10,103,3
177,2,0,127,-1
177,2,1,41,-1
177,2,2,40,-1
177,2,3,37,-1
177,2,4,42,-1
177,2,5,46,4
177,2,6,45,-1
177,2,7,104,0
177,2,8,49,1
177,2,9,48,2
177,2,10,53,3
177,4,0,74,-1
177,4,1,75,-1
177,4,2,76,-1
177,4,3,72,-1
177,4,4,146,-1
177,4,5,82,4
177,4,6,80,-1
177,4,7,85,0
177,4,8,84,1
177,4,9,88,2
177,4,10,86,3
178,1,0,24,-1
178,1,1,20,-1
178,1,2,23,-1
178,1,3,21,-1
178,1,4,128,-1
178,1,5,27,4
178,1,6,26,-1
178,1,7,120,0
178,1,8,176,1
178,1,9,31,2
178,1,10,35,3
178,9,0,93,-1
178,9,1,162,-1
178,9,2,164,-1
178,9,3,3,-1
178,9,4,165,-1
178,9,5,99,4
178,9,6,43,-1
178,9,7,175,0
178,9,8,173,1
178,9,9,89,2
178,9,10,177,3
179,0,0,4,-1
179,0,1,77,-1
179,0,2,6,-1
179,0,3,5,-1
179,0,4,114,-1
179,0,5,171,4
179,0,6,10,-1
179,0,7,16,0
179,0,8,14,1
179,0,9,15,2
179,0,10,13,3
179,2,0,39,-1
179,2,1,36,-1
179,2,2,127,-1
179,2,3,42,-1
179,2,4,37,-1
179,2,5,170,4
179,2,6,44,-1
179,2,7,52,0
179,2,8,104,1
179,2,9,49,2
179,2,10,51,3
180,7,0,109,-1
180,7,1,38,-1
180,7,2,132,-1
180,7,3,126,-1
180,7,4,168,-1
180,7,5,115,4
180,7,6,135,-1
180,7,7,140,0
180,7,8,137,1
180,7,9,142,2
180,7,10,141,3
180,4,0,74,-1
180,4,1,146,-1
180,4,2,75,-1
180,4,3,0,-1
180,4,4,72,-1
180,4,5,80,4
180,4,6,82,-1
180,4,7,84,0
180,4,8,174,1
180,4,9,87,2
180,4,10,53,3
181,9,0,165,-1
181,9,1,164,-1
181,9,2,167,-1
181,9,3,162,-1
181,9,4,93,-1
181,9,5,172,4
181,9,6,134,-1
181,9,7,175,0
181,9,8,177,1
181,9,9,71,2
181,9,10,178,3
181,2,0,36,-1
181,2,1,39,-1
181,2,2,127,-1
181,2,3,1,-1
181,2,4,37,-1
181,2,5,44,4
181,2,6,46,-1
181,2,7,51,0
181,2,8,48,1
181,2,9,33,2
181,2,10,104,3
182,9,0,162,-1
182,9,1,167,-1
182,9,2,93,-1
182,9,3,163,-1
182,9,4,3,-1
182,9,5,134,4
182,9,6,169,-1
182,9,7,178,0
182,9,8,89,1
182,9,9,124,2
182,9,10,177,3
182,6,0,108,-1
182,6,1,112,-1
182,6,2,111,-1
182,6,3,73,-1
182,6,4,113,-1
182,6,5,117,4
182,6,6,118,-1
182,6,7,123,0
182,6,8,125,1
182,6,9,105,2
182,6,10,119,3
183,8,0,5,-1
183,8,1,150,-1
183,8,2,145,-1
183,8,3,149,-1
183,8,4,147,-1
183,8,5,152,4
183,8,6,154,-1
183,8,7,106,0
183,8,8,159,1
183,8,9,173,2
183,8,10,156,3
183,3,0,55,-1
183,3,1,144,-1
183,3,2,60,-1
183,3,3,58,-1
183,3,4,2,-1
183,3,5,63,4
183,3,6,62,-1
183,3,7,69,0
183,3,8,50,1
183,3,9,68,2
183,3,10,47,3
184,8,0,18,-1
184,8,1,147,-1
184,8,2,5,-1
184,8,3,145,-1
184,8,4,149,-1
184,8,5,151,4
184,8,6,154,-1
184,8,7,106,0
184,8,8,159,1
184,8,9,161,2
184,8,10,155,3
184,5,0,95,-1
184,5,1,94,-1
184,5,2,96,-1
184,5,3,91,-1
184,5,4,90,-1
184,5,5,98,4
184,5,6,100,-1
184,5,7,12,0
184,5,8,143,1
184,5,9,107,2
184,5,10,102,3
185,5,0,94,-1
185,5,1,91,-1
185,5,2,90,-1
185,5,3,131,-1
185,5,4,95,-1
185,5,5,100,4
185,5,6,98,-1
185,5,7,49,0
185,5,8,157,1
185,5,9,107,2
185,5,10,83,3
185,6,0,148,-1
185,6,1,111,-1
185,6,2,108,-1
185,6,3,41,-1
185,6,4,112,-1
185,6,5,116,4
185,6,6,118,-1
185,6,7,122,0
185,6,8,119,1
185,6,9,105,2
185,6,10,125,3
186,6,0,73,-1
186,6,1,108,-1
186,6,2,111,-1
186,6,3,148,-1
186,6,4,112,-1
186,6,5,64,4
186,6,6,117,-1
186,6,7,125,0
186,6,8,121,1
186,6,9,122,2
186,6,10,119,3
186,3,0,58,-1
186,3,1,144,-1
186,3,2,60,-1
186,3,3,56,-1
186,3,4,2,-1
186,3,5,61,4
186,3,6,63,-1
186,3,7,50,0
186,3,8,66,1
186,3,9,70,2
186,3,10,68,3
187,2,0,127,-1
187,2,1,37,-1
187,2,2,39,-1
187,2,3,42,-1
187,2,4,57,-1
187,2,5,170,4
187,2,6,46,-1
187,2,7,52,0
187,2,8,48,1
187,2,9,65,2
187,2,10,34,3
187,1,0,128,-1
187,1,1,21,-1
187,1,2,20,-1
187,1,3,24,-1
187,1,4,19,-1
187,1,5,10,4
187,1,6,28,-1
187,1,7,29,0
187,1,8,101,1
187,1,9,32,2
187,1,10,176,3
188,4,0,0,-1
188,4,1,74,-1
188,4,2,75,-1
188,4,3,72,-1
188,4,4,78,-1
188,4,5,80,4
188,4,6,82,-1
188,4,7,88,0
188,4,8,103,1
188,4,9,87,2
188,4,10,85,3
188,6,0,148,-1
188,6,1,111,-1
188,6,2,113,-1
188,6,3,41,-1
188,6,4,73,-1
188,6,5,116,4
188,6,6,117,-1
188,6,7,86,0
188,6,8,122,1
188,6,9,105,2
188,6,10,125,3
189,7,0,168,-1
189,7,1,38,-1
189,7,2,129,-1
189,7,3,132,-1
189,7,4,126,-1
189,7,5,115,4
189,7,6,9,-1
189,7,7,137,0
189,7,8,140,1
189,7,9,160,2
189,7,10,141,3
189,9,0,164,-1
189,9,1,167,-1
189,9,2,3,-1
189,9,3,163,-1
189,9,4,162,-1
189,9,5,134,4
189,9,6,169,-1
189,9,7,175,0
189,9,8,178,1
189,9,9,71,2
189,9,10,124,3
190,3,0,54,-1
190,3,1,55,-1
190,3,2,144,-1
190,3,3,58,-1
190,3,4,56,-1
190,3,5,61,4
190,3,6,171,-1
190,3,7,47,0
190,3,8,66,1
190,3,9,67,2
190,3,10,68,3
190,5,0,96,-1
190,5,1,166,-1
190,5,2,90,-1
190,5,3,95,-1
190,5,4,131,-1
190,5,5,100,4
190,5,6,98,-1
190,5,7,49,0
190,5,8,102,1
190,5,9,157,2
190,5,10,143,3
191,5,0,166,-1
191,5,1,90,-1
191,5,2,94,-1
191,5,3,131,-1
191,5,4,95,-1
191,5,5,100,4
191,5,6,136,-1
191,5,7,102,0
191,5,8,143,1
191,5,9,12,2
191,5,10,49,3
191,8,0,150,-1
191,8,1,149,-1
191,8,2,18,-1
191,8,3,5,-1
191,8,4,145,-1
191,8,5,153,4
191,8,6,154,-1
191,8,7,173,0
191,8,8,106,1
191,8,9,161,2
191,8,10,156,3
192,7,0,132,-1
192,7,1,168,-1
192,7,2,129,-1
192,7,3,109,-1
192,7,4,126,-1
192,7,5,9,4
192,7,6,115,-1
192,7,7,160,0
192,7,8,138,1
192,7,9,137,2
192,7,10,141,3
192,3,0,56,-1
192,3,1,55,-1
192,3,2,54,-1
192,3,3,144,-1
192,3,4,58,-1
192,3,5,62,4
192,3,6,63,-1
192,3,7,68,0
192,3,8,70,1
192,3,9,66,2
192,3,10,67,3
193,8,0,147,-1
193,8,1,5,-1
193,8,2,149,-1
193,8,3,18,-1
193,8,4,130,-1
193,8,5,151,4
193,8,6,152,-1
193,8,7,173,0
193,8,8,155,1
193,8,9,156,2
193,8,10,159,3
193,1,0,128,-1
193,1,1,21,-1
193,1,2,20,-1
193,1,3,59,-1
193,1,4,24,-1
193,1,5,10,4
193,1,6,25,-1
193,1,7,31,0
193,1,8,32,1
193,1,9,176,2
193,1,10,29,3
194,2,0,37,-1
194,2,1,127,-1
194,2,2,42,-1
194,2,3,36,-1
194,2,4,1,-1
194,2,5,46,4
194,2,6,170,-1
194,2,7,51,0
194,2,8,104,1
194,2,9,34,2
194,2,10,52,3
194,0,0,6,-1
194,0,1,92,-1
194,0,2,22,-1
194,0,3,23,-1
194,0,4,114,-1
194,0,5,26,4
194,0,6,43,-1
194,0,7,17,0
194,0,8,15,1
194,0,9,11,2
194,0,10,13,3
195,7,0,109,-1
195,7,1,77,-1
195,7,2,126,-1
195,7,3,129,-1
195,7,4,38,-1
195,7,5,9,4
195,7,6,115,-1
195,7,7,140,0
195,7,8,141,1
195,7,9,139,2
195,7,10,142,3
195,2,0,57,-1
195,2,1,36,-1
195,2,2,39,-1
195,2,3,1,-1
195,2,4,42,-1
195,2,5,170,4
195,2,6,45,-1
195,2,7,104,0
195,2,8,48,1
195,2,9,52,2
195,2,10,65,3
196,4,0,146,-1
196,4,1,0,-1
196,4,2,78,-1
196,4,3,75,-1
196,4,4,74,-1
196,4,5,79,4
196,4,6,80,-1
196,4,7,103,0
196,4,8,84,1
196,4,9,88,2
196,4,10,174,3
196,1,0,24,-1
196,1,1,128,-1
196,1,2,19,-1
196,1,3,110,-1
196,1,4,20,-1
196,1,5,25,4
196,1,6,28,-1
196,1,7,29,0
196,1,8,31,1
196,1,9,120,2
196,1,10,32,3
197,5,0,90,-1
197,5,1,166,-1
197,5,2,95,-1
197,5,3,91,-1
197,5,4,96,-1
197,5,5,97,4
197,5,6,136,-1
197,5,7,107,0
197,5,8,102,1
197,5,9,49,2
197,5,10,83,3
197,0,0,23,-1
197,0,1,40,-1
197,0,2,92,-1
197,0,3,22,-1
197,0,4,4,-1
197,0,5,133,4
197,0,6,43,-1
197,0,7,16,0
197,0,8,14,1
197,0,9,11,2
197,0,10,15,3
198,6,0,41,-1
198,6,1,112,-1
198,6,2,113,-1
198,6,3,111,-1
198,6,4,73,-1
198,6,5,64,4
198,6,6,117,-1
198,6,7,122,0
198,6,8,105,1
198,6,9,86,2
198,6,10,121,3
198,9,0,3,-1
198,9,1,164,-1
198,9,2,163,-1
198,9,3,167,-1
198,9,4,93,-1
198,9,5,134,4
198,9,6,172,-1
198,9,7,177,0
198,9,8,124,1
198,9,9,71,2
198,9,10,179,3
199,1,0,19,-1
199,1,1,20,-1
199,1,2,21,-1
199,1,3,24,-1
199,1,4,128,-1
199,1,5,27,4
199,1,6,28,-1
199,1,7,35,0
199,1,8,29,1
199,1,9,101,2
199,1,10,31,3
199,6,0,112,-1
199,6,1,111,-1
199,6,2,148,-1
199,6,3,113,-1
199,6,4,73,-1
199,6,5,116,4
199,6,6,118,-1
199,6,7,119,0
199,6,8,105,1
199,6,9,86,2
199,6,10,125,3
200,3,0,55,-1
200,3,1,2,-1
200,3,2,56,-1
200,3,3,54,-1
200,3,4,60,-1
200,3,5,63,4
200,3,6,62,-1
200,3,7,70,0
200,3,8,47,1
200,3,9,66,2
200,3,10,67,3
200,0,0,23,-1
200,0,1,6,-1
200,0,2,40,-1
200,0,3,22,-1
200,0,4,92,-1
200,0,5,26,4
200,0,6,43,-1
200,0,7,17,0
200,0,8,11,1
200,0,9,30,2
200,0,10,16,3
201,1,0,19,-1
201,1,1,24,-1
201,1,2,110,-1
201,1,3,20,-1
201,1,4,21,-1
201,1,5,27,4
201,1,6,28,-1
201,1,7,31,0
201,1,8,176,1
201,1,9,35,2
201,1,10,101,3
201,3,0,60,-1
201,3,1,54,-1
201,3,2,2,-1
201,3,3,56,-1
201,3,4,144,-1
201,3,5,61,4
201,3,6,171,-1
201,3,7,67,0
201,3,8,68,1
201,3,9,69,2
201,3,10,47,3
202,8,0,145,-1
202,8,1,149,-1
202,8,2,130,-1
202,8,3,150,-1
202,8,4,5,-1
202,8,5,151,4
202,8,6,153,-1
202,8,7,158,0
202,8,8,161,1
202,8,9,159,2
202,8,10,106,3
202,6,0,113,-1
202,6,1,73,-1
202,6,2,108,-1
202,6,3,148,-1
202,6,4,41,-1
202,6,5,116,4
202,6,6,118,-1
202,6,7,123,0
202,6,8,125,1
202,6,9,86,2
202,6,10,121,3
203,3,0,2,-1
203,3,1,58,-1
203,3,2,54,-1
203,3,3,144,-1
203,3,4,56,-1
203,3,5,171,4
203,3,6,62,-1
203,3,7,69,0
203,3,8,47,1
203,3,9,67,2
203,3,10,68,3
203,2,0,127,-1
203,2,1,57,-1
203,2,2,39,-1
203,2,3,36,-1
203,2,4,1,-1
203,2,5,44,4
203,2,6,46,-1
203,2,7,48,0
203,2,8,104,1
203,2,9,33,2
203,2,10,34,3
204,1,0,110,-1
204,1,1,128,-1
204,1,2,20,-1
204,1,3,21,-1
204,1,4,19,-1
204,1,5,10,4
204,1,6,28,-1
204,1,7,101,0
204,1,8,120,1
204,1,9,35,2
204,1,10,32,3
204,7,0,168,-1
204,7,1,77,-1
204,7,2,126,-1
204,7,3,132,-1
204,7,4,109,-1
204,7,5,9,4
204,7,6,135,-1
204,7,7,138,0
204,7,8,142,1
204,7,9,141,2
204,7,10,137,3
205,0,0,92,-1
205,0,1,23,-1
205,0,2,114,-1
205,0,3,22,-1
205,0,4,6,-1
205,0,5,7,4
205,0,6,43,-1
205,0,7,17,0
205,0,8,11,1
205,0,9,15,2
205,0,10,13,3
205,5,0,90,-1
205,5,1,96,-1
205,5,2,91,-1
205,5,3,166,-1
205,5,4,131,-1
205,5,5,136,4
205,5,6,100,-1
205,5,7,83,0
205,5,8,157,1
205,5,9,12,2
205,5,10,102,3
206,9,0,163,-1
206,9,1,93,-1
206,9,2,164,-1
206,9,3,3,-1
206,9,4,165,-1
206,9,5,169,4
206,9,6,134,-1
206,9,7,179,0
206,9,8,89,1
206,9,9,177,2
206,9,10,124,3
206,8,0,5,-1
206,8,1,130,-1
206,8,2,147,-1
206,8,3,149,-1
206,8,4,150,-1
206,8,5,154,4
206,8,6,152,-1
206,8,7,161,0
206,8,8,159,1
206,8,9,156,2
206,8,10,155,3
207,2,0,36,-1
207,2,1,127,-1
207,2,2,1,-1
207,2,3,42,-1
207,2,4,57,-1
207,2,5,46,4
207,2,6,44,-1
207,2,7,52,0
207,2,8,104,1
207,2,9,48,2
207,2,10,34,3
207,3,0,60,-1
207,3,1,56,-1
207,3,2,54,-1
207,3,3,55,-1
207,3,4,144,-1
207,3,5,62,4
207,3,6,171,-1
207,3,7,47,0
207,3,8,50,1
207,3,9,69,2
207,3,10,66,3
208,5,0,94,-1
208,5,1,166,-1
208,5,2,90,-1
208,5,3,96,-1
208,5,4,91,-1
208,5,5,100,4
208,5,6,98,-1
208,5,7,12,0
208,5,8,107,1
208,5,9,49,2
208,5,10,102,3
208,7,0,38,-1
208,7,1,129,-1
208,7,2,109,-1
208,7,3,132,-1
208,7,4,168,-1
208,7,5,8,4
208,7,6,9,-1
208,7,7,160,0
208,7,8,137,1
208,7,9,138,2
208,7,10,142,3
209,5,0,96,-1
209,5,1,131,-1
209,5,2,91,-1
209,5,3,94,-1
209,5,4,90,-1
209,5,5,136,4
209,5,6,98,-1
209,5,7,143,0
209,5,8,102,1
209,5,9,107,2
209,5,10,157,3
209,1,0,20,-1
209,1,1,19,-1
209,1,2,24,-1
209,1,3,21,-1
209,1,4,128,-1
209,1,5,25,4
209,1,6,28,-1
209,1,7,101,0
209,1,8,29,1
209,1,9,35,2
209,1,10,32,3
210,6,0,112,-1
210,6,1,41,-1
210,6,2,73,-1
210,6,3,113,-1
210,6,4,111,-1
210,6,5,117,4
210,6,6,118,-1
210,6,7,121,0
210,6,8,122,1
210,6,9,86,2
210,6,10,123,3
210,8,0,18,-1
210,8,1,145,-1
210,8,2,149,-1
210,8,3,130,-1
210,8,4,147,-1
210,8,5,151,4
210,8,6,153,-1
210,8,7,161,0
210,8,8,106,1
210,8,9,158,2
210,8,10,173,3
211,0,0,6,-1
211,0,1,22,-1
211,0,2,23,-1
211,0,3,114,-1
211,0,4,92,-1
211,0,5,26,4
211,0,6,7,-1
211,0,7,30,0
211,0,8,16,1
211,0,9,14,2
211,0,10,11,3
211,6,0,73,-1
211,6,1,113,-1
211,6,2,41,-1
211,6,3,112,-1
211,6,4,108,-1
211,6,5,116,4
211,6,6,118,-1
211,6,7,105,0
211,6,8,121,1
211,6,9,125,2
211,6,10,123,3
212,6,0,73,-1
212,6,1,111,-1
212,6,2,112,-1
212,6,3,148,-1
212,6,4,113,-1
212,6,5,118,4
212,6,6,117,-1
212,6,7,121,0
212,6,8,125,1
212,6,9,122,2
212,6,10,123,3
212,0,0,92,-1
212,0,1,40,-1
212,0,2,23,-1
212,0,3,6,-1
212,0,4,114,-1
212,0,5,133,4
212,0,6,43,-1
212,0,7,17,0
212,0,8,11,1
212,0,9,15,2
212,0,10,13,3
213,7,0,38,-1
213,7,1,109,-1
213,7,2,126,-1
213,7,3,77,-1
213,7,4,168,-1
213,7,5,115,4
213,7,6,135,-1
213,7,7,140,0
213,7,8,139,1
213,7,9,160,2
213,7,10,137,3
213,1,0,128,-1
213,1,1,19,-1
213,1,2,21,-1
213,1,3,20,-1
213,1,4,110,-1
213,1,5,28,4
213,1,6,25,-1
213,1,7,31,0
213,1,8,120,1
213,1,9,32,2
213,1,10,101,3
214,0,0,92,-1
214,0,1,40,-1
214,0,2,23,-1
214,0,3,4,-1
214,0,4,6,-1
214,0,5,26,4
214,0,6,133,-1
214,0,7,11,0
214,0,8,30,1
214,0,9,14,2
214,0,10,17,3
214,1,0,128,-1
214,1,1,110,-1
214,1,2,19,-1
214,1,3,20,-1
214,1,4,24,-1
214,1,5,10,4
214,1,6,27,-1
214,1,7,176,0
214,1,8,31,1
214,1,9,29,2
214,1,10,32,3
215,7,0,126,-1
215,7,1,168,-1
215,7,2,129,-1
215,7,3,38,-1
215,7,4,132,-1
215,7,5,9,4
215,7,6,135,-1
215,7,7,137,0
215,7,8,160,1
215,7,9,142,2
215,7,10,141,3
215,0,0,40,-1
215,0,1,23,-1
215,0,2,6,-1
215,0,3,114,-1
215,0,4,22,-1
215,0,5,43,4
215,0,6,133,-1
215,0,7,14,0
215,0,8,13,1
215,0,9,30,2
215,0,10,11,3
216,4,0,75,-1
216,4,1,74,-1
216,4,2,72,-1
216,4,3,0,-1
216,4,4,78,-1
216,4,5,79,4
216,4,6,80,-1
216,4,7,103,0
216,4,8,88,1
216,4,9,174,2
216,4,10,53,3
216,5,0,90,-1
216,5,1,94,-1
216,5,2,95,-1
216,5,3,166,-1
216,5,4,96,-1
216,5,5,97,4
216,5,6,98,-1
216,5,7,107,0
216,5,8,143,1
216,5,9,49,2
216,5,10,12,3
217,5,0,166,-1
217,5,1,90,-1
217,5,2,131,-1
217,5,3,94,-1
217,5,4,91,-1
217,5,5,97,4
217,5,6,136,-1
217,5,7,83,0
217,5,8,157,1
217,5,9,143,2
217,5,10,107,3
217,4,0,74,-1
217,4,1,75,-1
217,4,2,76,-1
217,4,3,146,-1
217,4,4,72,-1
217,4,5,80,4
217,4,6,82,-1
217,4,7,85,0
217,4,8,87,1
217,4,9,103,2
217,4,10,174,3
218,3,0,60,-1
218,3,1,2,-1
218,3,2,144,-1
218,3,3,56,-1
218,3,4,58,-1
218,3,5,171,4
218,3,6,63,-1
218,3,7,69,0
218,3,8,68,1
218,3,9,47,2
218,3,10,66,3
218,8,0,5,-1
218,8,1,150,-1
218,8,2,149,-1
218,8,3,145,-1
218,8,4,18,-1
218,8,5,152,4
218,8,6,153,-1
218,8,7,156,0
218,8,8,161,1
218,8,9,155,2
218,8,10,159,3
219,0,0,6,-1
219,0,1,23,-1
219,0,2,114,-1
219,0,3,40,-1
219,0,4,4,-1
219,0,5,133,4
219,0,6,7,-1
219,0,7,15,0
219,0,8,14,1
219,0,9,13,2
219,0,10,17,3
219,9,0,165,-1
219,9,1,163,-1
219,9,2,3,-1
219,9,3,164,-1
219,9,4,167,-1
219,9,5,169,4
219,9,6,134,-1
219,9,7,179,0
219,9,8,124,1
219,9,9,89,2
219,9,10,178,3
220,7,0,129,-1
220,7,1,168,-1
220,7,2,132,-1
220,7,3,126,-1
220,7,4,38,-1
220,7,5,135,4
220,7,6,115,-1
220,7,7,139,0
220,7,8,160,1
220,7,9,142,2
220,7,10,141,3
220,5,0,166,-1
220,5,1,91,-1
220,5,2,96,-1
220,5,3,90,-1
220,5,4,95,-1
220,5,5,97,4
220,5,6,98,-1
220,5,7,143,0
220,5,8,49,1
220,5,9,157,2
220,5,10,107,3
221,5,0,91,-1
221,5,1,94,-1
221,5,2,90,-1
221,5,3,131,-1
221,5,4,96,-1
221,5,5,136,4
221,5,6,100,-1
221,5,7,143,0
221,5,8,49,1
221,5,9,157,2
221,5,10,12,3
221,9,0,162,-1
221,9,1,93,-1
221,9,2,163,-1
221,9,3,3,-1
221,9,4,167,-1
221,9,5,169,4
221,9,6,99,-1
221,9,7,71,0
221,9,8,179,1
221,9,9,124,2
221,9,10,178,3
222,8,0,5,-1
222,8,1,145,-1
222,8,2,130,-1
222,8,3,18,-1
222,8,4,147,-1
222,8,5,152,4
222,8,6,153,-1
222,8,7,155,0
222,8,8,159,1
222,8,9,173,2
222,8,10,158,3
222,0,0,114,-1
222,0,1,6,-1
222,0,2,4,-1
222,0,3,23,-1
222,0,4,22,-1
222,0,5,7,4
222,0,6,43,-1
222,0,7,16,0
222,0,8,30,1
222,0,9,11,2
222,0,10,13,3
223,9,0,164,-1
223,9,1,93,-1
223,9,2,3,-1
223,9,3,167,-1
223,9,4,162,-1
223,9,5,99,4
223,9,6,172,-1
223,9,7,175,0
223,9,8,124,1
223,9,9,177,2
223,9,10,178,3
223,5,0,166,-1
223,5,1,90,-1
223,5,2,96,-1
223,5,3,91,-1
223,5,4,131,-1
223,5,5,98,4
223,5,6,136,-1
223,5,7,83,0
223,5,8,143,1
223,5,9,12,2
223,5,10,49,3
224,1,0,20,-1
224,1,1,19,-1
224,1,2,110,-1
224,1,3,21,-1
224,1,4,128,-1
224,1,5,28,4
224,1,6,10,-1
224,1,7,120,0
224,1,8,31,1
224,1,9,32,2
224,1,10,101,3
224,9,0,165,-1
224,9,1,162,-1
224,9,2,167,-1
224,9,3,93,-1
224,9,4,3,-1
224,9,5,172,4
224,9,6,169,-1
224,9,7,124,0
224,9,8,175,1
224,9,9,178,2
224,9,10,177,3
225,3,0,54,-1
225,3,1,58,-1
225,3,2,144,-1
225,3,3,55,-1
225,3,4,60,-1
225,3,5,61,4
225,3,6,62,-1
225,3,7,69,0
225,3,8,50,1
225,3,9,47,2
225,3,10,70,3
225,7,0,132,-1
225,7,1,129,-1
225,7,2,109,-1
225,7,3,77,-1
225,7,4,168,-1
225,7,5,8,4
225,7,6,9,-1
225,7,7,142,0
225,7,8,137,1
225,7,9,160,2
225,7,10,140,3
226,1,0,20,-1
226,1,1,110,-1
226,1,2,21,-1
226,1,3,24,-1
226,1,4,19,-1
226,1,5,10,4
226,1,6,27,-1
226,1,7,101,0
226,1,8,176,1
226,1,9,31,2
226,1,10,35,3
226,5,0,90,-1
226,5,1,91,-1
226,5,2,96,-1
226,5,3,95,-1
226,5,4,94,-1
226,5,5,98,4
226,5,6,100,-1
226,5,7,143,0
226,5,8,102,1
226,5,9,49,2
226,5,10,83,3
227,8,0,5,-1
227,8,1,147,-1
227,8,2,18,-1
227,8,3,130,-1
227,8,4,150,-1
227,8,5,154,4
227,8,6,151,-1
227,8,7,106,0
227,8,8,159,1
227,8,9,156,2
227,8,10,155,3
227,4,0,0,-1
227,4,1,72,-1
227,4,2,74,-1
227,4,3,78,-1
227,4,4,75,-1
227,4,5,82,4
227,4,6,81,-1
227,4,7,85,0
227,4,8,174,1
227,4,9,87,2
227,4,10,103,3
228,9,0,163,-1
228,9,1,3,-1
228,9,2,162,-1
228,9,3,165,-1
228,9,4,93,-1
228,9,5,172,4
228,9,6,169,-1
228,9,7,124,0
228,9,8,179,1
228,9,9,89,2
228,9,10,177,3
228,1,0,24,-1
228,1,1,19,-1
228,1,2,128,-1
228,1,3,20,-1
228,1,4,110,-1
228,1,5,27,4
228,1,6,25,-1
228,1,7,32,0
228,1,8,120,1
228,1,9,31,2
228,1,10,101,3
229,1,0,21,-1
229,1,1,24,-1
229,1,2,110,-1
229,1,3,20,-1
229,1,4,59,-1
229,1,5,25,4
229,1,6,28,-1
229,1,7,35,0
229,1,8,29,1
229,1,9,101,2
229,1,10,32,3
229,2,0,1,-1
229,2,1,127,-1
229,2,2,37,-1
229,2,3,57,-1
229,2,4,42,-1
229,2,5,45,4
229,2,6,170,-1
229,2,7,51,0
229,2,8,104,1
229,2,9,33,2
229,2,10,52,3
230,2,0,1,-1
230,2,1,36,-1
230,2,2,39,-1
230,2,3,127,-1
230,2,4,37,-1
230,2,5,170,4
230,2,6,44,-1
230,2,7,48,0
230,2,8,104,1
230,2,9,34,2
230,2,10,51,3
230,7,0,126,-1
230,7,1,132,-1
230,7,2,109,-1
230,7,3,129,-1
230,7,4,77,-1
230,7,5,8,4
230,7,6,9,-1
230,7,7,140,0
230,7,8,139,1
230,7,9,160,2
230,7,10,137,3
231,0,0,23,-1
231,0,1,22,-1
231,0,2,40,-1
231,0,3,92,-1
231,0,4,114,-1
231,0,5,133,4
231,0,6,7,-1
231,0,7,13,0
231,0,8,15,1
231,0,9,30,2
231,0,10,14,3
231,3,0,56,-1
231,3,1,54,-1
231,3,2,2,-1
231,3,3,58,-1
231,3,4,60,-1
231,3,5,63,4
231,3,6,171,-1
231,3,7,68,0
231,3,8,69,1
231,3,9,67,2
231,3,10,47,3
232,2,0,127,-1
232,2,1,39,-1
232,2,2,42,-1
232,2,3,37,-1
232,2,4,36,-1
232,2,5,45,4
232,2,6,170,-1
232,2,7,34,0
232,2,8,52,1
232,2,9,65,2
232,2,10,51,3
232,8,0,5,-1
232,8,1,150,-1
232,8,2,145,-1
232,8,3,18,-1
232,8,4,130,-1
232,8,5,152,4
232,8,6,154,-1
232,8,7,158,0
232,8,8,161,1
232,8,9,156,2
232,8,10,155,3
233,1,0,20,-1
233,1,1,110,-1
233,1,2,128,-1
233,1,3,21,-1
233,1,4,24,-1
233,1,5,10,4
233,1,6,28,-1
233,1,7,32,0
233,1,8,120,1
233,1,9,35,2
233,1,10,29,3
233,0,0,22,-1
233,0,1,114,-1
233,0,2,92,-1
233,0,3,4,-1
233,0,4,6,-1
233,0,5,43,4
233,0,6,7,-1
233,0,7,14,0
233,0,8,15,1
233,0,9,11,2
233,0,10,13,3
234,0,0,4,-1
234,0,1,23,-1
234,0,2,114,-1
234,0,3,40,-1
234,0,4,22,-1
234,0,5,26,4
234,0,6,7,-1
234,0,7,11,0
234,0,8,13,1
234,0,9,30,2
234,0,10,17,3
234,4,0,75,-1
234,4,1,76,-1
234,4,2,0,-1
234,4,3,74,-1
234,4,4,72,-1
234,4,5,81,4
234,4,6,82,-1
234,4,7,53,0
234,4,8,103,1
234,4,9,85,2
234,4,10,84,3
235,3,0,58,-1
235,3,1,2,-1
235,3,2,144,-1
235,3,3,54,-1
235,3,4,55,-1
235,3,5,61,4
235,3,6,63,-1
235,3,7,69,0
235,3,8,70,1
235,3,9,50,2
235,3,10,47,3
235,6,0,112,-1
235,6,1,73,-1
235,6,2,108,-1
235,6,3,111,-1
235,6,4,148,-1
235,6,5,117,4
235,6,6,116,-1
235,6,7,123,0
235,6,8,105,1
235,6,9,125,2
235,6,10,121,3
236,9,0,164,-1
236,9,1,3,-1
236,9,2,167,-1
236,9,3,165,-1
236,9,4,163,-1
236,9,5,172,4
236,9,6,134,-1
236,9,7,124,0
236,9,8,178,1
236,9,9,179,2
236,9,10,175,3
236,7,0,77,-1
236,7,1,129,-1
236,7,2,38,-1
236,7,3,109,-1
236,7,4,132,-1
236,7,5,8,4
236,7,6,115,-1
236,7,7,140,0
236,7,8,160,1
236,7,9,139,2
236,7,10,138,3
237,5,0,166,-1
237,5,1,90,-1
237,5,2,94,-1
237,5,3,91,-1
237,5,4,96,-1
237,5,5,97,4
237,5,6,136,-1
237,5,7,12,0
237,5,8,107,1
237,5,9,102,2
237,5,10,157,3
237,3,0,55,-1
237,3,1,144,-1
237,3,2,56,-1
237,3,3,60,-1
237,3,4,54,-1
237,3,5,61,4
237,3,6,171,-1
237,3,7,67,0
237,3,8,68,1
237,3,9,66,2
237,3,10,70,3
238,2,0,37,-1
238,2,1,127,-1
238,2,2,42,-1
238,2,3,57,-1
238,2,4,1,-1
238,2,5,45,4
238,2,6,170,-1
238,2,7,52,0
238,2,8,65,1
238,2,9,34,2
238,2,10,48,3
238,4,0,0,-1
238,4,1,78,-1
238,4,2,75,-1
238,4,3,72,-1
238,4,4,74,-1
238,4,5,81,4
238,4,6,80,-1
238,4,7,103,0
238,4,8,174,1
238,4,9,88,2
238,4,10,53,3
239,9,0,163,-1
239,9,1,3,-1
239,9,2,93,-1
239,9,3,164,-1
239,9,4,165,-1
239,9,5,99,4
239,9,6,134,-1
239,9,7,89,0
239,9,8,179,1
239,9,9,177,2
239,9,10,178,3
239,4,0,76,-1
239,4,1,146,-1
239,4,2,0,-1
239,4,3,75,-1
239,4,4,78,-1
239,4,5,81,4
239,4,6,80,-1
239,4,7,84,0
239,4,8,87,1
239,4,9,88,2
239,4,10,85,3
240,5,0,90,-1
240,5,1,131,-1
240,5,2,94,-1
240,5,3,166,-1
240,5,4,95,-1
240,5,5,98,4
240,5,6,100,-1
240,5,7,157,0
240,5,8,12,1
240,5,9,102,2
240,5,10,107,3
240,2,0,42,-1
240,2,1,36,-1
240,2,2,1,-1
240,2,3,57,-1
240,2,4,39,-1
240,2,5,46,4
240,2,6,170,-1
240,2,7,33,0
240,2,8,104,1
240,2,9,52,2
240,2,10,51,3
241,6,0,148,-1
241,6,1,108,-1
241,6,2,73,-1
241,6,3,112,-1
241,6,4,41,-1
241,6,5,116,4
241,6,6,118,-1
241,6,7,125,0
241,6,8,121,1
241,6,9,105,2
241,6,10,123,3
241,1,0,59,-1
241,1,1,21,-1
241,1,2,24,-1
241,1,3,110,-1
241,1,4,128,-1
241,1,5,25,4
241,1,6,10,-1
241,1,7,101,0
241,1,8,29,1
241,1,9,32,2
241,1,10,35,3
242,4,0,74,-1
242,4,1,78,-1
242,4,2,75,-1
242,4,3,72,-1
242,4,4,76,-1
242,4,5,81,4
242,4,6,82,-1
242,4,7,53,0
242,4,8,85,1
242,4,9,88,2
242,4,10,103,3
242,2,0,127,-1
242,2,1,37,-1
242,2,2,57,-1
242,2,3,1,-1
242,2,4,36,-1
242,2,5,45,4
242,2,6,46,-1
242,2,7,104,0
242,2,8,33,1
242,2,9,65,2
242,2,10,48,3
243,3,0,54,-1
243,3,1,55,-1
243,3,2,58,-1
243,3,3,2,-1
243,3,4,144,-1
243,3,5,171,4
243,3,6,63,-1
243,3,7,50,0
243,3,8,47,1
243,3,9,68,2
243,3,10,67,3
243,1,0,110,-1
243,1,1,19,-1
243,1,2,21,-1
243,1,3,59,-1
243,1,4,128,-1
243,1,5,27,4
243,1,6,28,-1
243,1,7,176,0
243,1,8,101,1
243,1,9,29,2
243,1,10,35,3
244,6,0,113,-1
244,6,1,41,-1
244,6,2,111,-1
244,6,3,148,-1
244,6,4,108,-1
244,6,5,64,4
244,6,6,116,-1
244,6,7,122,0
244,6,8,119,1
244,6,9,86,2
244,6,10,105,3
244,7,0,126,-1
244,7,1,38,-1
244,7,2,129,-1
244,7,3,132,-1
244,7,4,109,-1
244,7,5,115,4
244,7,6,135,-1
244,7,7,160,0
244,7,8,139,1
244,7,9,138,2
244,7,10,142,3
245,2,0,39,-1
245,2,1,37,-1
245,2,2,42,-1
245,2,3,127,-1
245,2,4,36,-1
245,2,5,44,4
245,2,6,46,-1
245,2,7,51,0
245,2,8,65,1
245,2,9,48,2
245,2,10,34,3
245,9,0,164,-1
245,9,1,167,-1
245,9,2,165,-1
245,9,3,163,-1
245,9,4,162,-1
245,9,5,169,4
245,9,6,172,-1
245,9,7,178,0
245,9,8,179,1
245,9,9,124,2
245,9,10,71,3
246,0,0,92,-1
246,0,1,114,-1
246,0,2,23,-1
246,0,3,4,-1
246,0,4,40,-1
246,0,5,26,4
246,0,6,7,-1
246,0,7,15,0
246,0,8,11,1
246,0,9,17,2
246,0,10,13,3
246,7,0,129,-1
246,7,1,38,-1
246,7,2,109,-1
246,7,3,126,-1
246,7,4,168,-1
246,7,5,135,4
246,7,6,8,-1
246,7,7,138,0
246,7,8,137,1
246,7,9,141,2
246,7,10,140,3
247,6,0,108,-1
247,6,1,41,-1
247,6,2,113,-1
247,6,3,111,-1
247,6,4,73,-1
247,6,5,64,4
247,6,6,116,-1
247,6,7,125,0
247,6,8,119,1
247,6,9,86,2
247,6,10,121,3
247,5,0,131,-1
247,5,1,90,-1
247,5,2,94,-1
247,5,3,91,-1
247,5,4,96,-1
247,5,5,100,4
247,5,6,136,-1
247,5,7,157,0
247,5,8,143,1
247,5,9,83,2
247,5,10,49,3
248,0,0,6,-1
248,0,1,114,-1
248,0,2,23,-1
248,0,3,40,-1
248,0,4,22,-1
248,0,5,26,4
248,0,6,7,-1
248,0,7,13,0
248,0,8,16,1
248,0,9,14,2
248,0,10,30,3
248,8,0,145,-1
248,8,1,150,-1
248,8,2,147,-1
248,8,3,5,-1
248,8,4,130,-1
248,8,5,152,4
248,8,6,154,-1
248,8,7,173,0
248,8,8,155,1
248,8,9,158,2
248,8,10,106,3
249,1,0,20,-1
249,1,1,110,-1
249,1,2,24,-1
249,1,3,19,-1
249,1,4,128,-1
249,1,5,25,4
249,1,6,28,-1
249,1,7,31,0
249,1,8,32,1
249,1,9,35,2
249,1,10,120,3
249,4,0,74,-1
249,4,1,72,-1
249,4,2,146,-1
249,4,3,75,-1
249,4,4,76,-1
249,4,5,81,4
249,4,6,80,-1
249,4,7,87,0
249,4,8,174,1
249,4,9,85,2
249,4,10,84,3
250,9,0,3,-1
250,9,1,162,-1
250,9,2,93,-1
250,9,3,167,-1
250,9,4,164,-1
250,9,5,99,4
250,9,6,172,-1
250,9,7,89,0
250,9,8,178,1
250,9,9,175,2
250,9,10,177,3
250,0,0,40,-1
250,0,1,4,-1
250,0,2,6,-1
250,0,3,114,-1
250,0,4,22,-1
250,0,5,26,4
250,0,6,133,-1
250,0,7,11,0
250,0,8,17,1
250,0,9,13,2
250,0,10,15,3
251,3,0,58,-1
251,3,1,56,-1
251,3,2,2,-1
251,3,3,60,-1
251,3,4,55,-1
251,3,5,61,4
251,3,6,171,-1
251,3,7,68,0
251,3,8,47,1
251,3,9,66,2
251,3,10,69,3
251,9,0,3,-1
251,9,1,163,-1
251,9,2,165,-1
251,9,3,93,-1
251,9,4,167,-1
251,9,5,169,4
251,9,6,172,-1
251,9,7,175,0
251,9,8,89,1
251,9,9,124,2
251,9,10,71,3
252,7,0,126,-1
252,7,1,38,-1
252,7,2,132,-1
252,7,3,168,-1
252,7,4,77,-1
252,7,5,135,4
252,7,6,115,-1
252,7,7,140,0
252,7,8,138,1
252,7,9,160,2
252,7,10,142,3
252,6,0,73,-1
252,6,1,113,-1
252,6,2,41,-1
252,6,3,108,-1
252,6,4,112,-1
252,6,5,117,4
252,6,6,118,-1
252,6,7,123,0
252,6,8,122,1
252,6,9,119,2
252,6,10,125,3
253,4,0,72,-1
253,4,1,74,-1
253,4,2,75,-1
253,4,3,76,-1
253,4,4,0,-1
253,4,5,81,4
253,4,6,79,-1
253,4,7,103,0
253,4,8,85,1
253,4,9,53,2
253,4,10,84,3
253,0,0,6,-1
253,0,1,92,-1
253,0,2,114,-1
253,0,3,40,-1
253,0,4,4,-1
253,0,5,43,4
253,0,6,133,-1
253,0,7,17,0
253,0,8,16,1
253,0,9,15,2
253,0,10,14,3
254,3,0,144,-1
254,3,1,54,-1
254,3,2,2,-1
254,3,3,56,-1
254,3,4,60,-1
254,3,5,63,4
254,3,6,171,-1
254,3,7,67,0
254,3,8,70,1
254,3,9,66,2
254,3,10,47,3
254,4,0,72,-1
254,4,1,75,-1
254,4,2,146,-1
254,4,3,76,-1
254,4,4,74,-1
254,4,5,81,4
254,4,6,80,-1
254,4,7,85,0
254,4,8,87,1
254,4,9,53,2
254,4,10,103,3
255,2,0,127,-1
255,2,1,37,-1
255,2,2,42,-1
255,2,3,1,-1
255,2,4,57,-1
255,2,5,46,4
255,2,6,170,-1
255,2,7,52,0
255,2,8,65,1
255,2,9,51,2
255,2,10,33,3
255,6,0,111,-1
255,6,1,41,-1
255,6,2,108,-1
255,6,3,73,-1
255,6,4,113,-1
255,6,5,64,4
255,6,6,118,-1
255,6,7,86,0
255,6,8,122,1
255,6,9,119,2
255,6,10,105,3
256,4,0,78,-1
256,4,1,72,-1
256,4,2,74,-1
256,4,3,76,-1
256,4,4,146,-1
256,4,5,82,4
256,4,6,81,-1
256,4,7,53,0
256,4,8,88,1
256,4,9,85,2
256,4,10,174,3
256,7,0,126,-1
256,7,1,132,-1
256,7,2,77,-1
256,7,3,129,-1
256,7,4,109,-1
256,7,5,9,4
256,7,6,8,-1
256,7,7,141,0
256,7,8,137,1
256,7,9,140,2
256,7,10,142,3
257,4,0,76,-1
257,4,1,75,-1
257,4,2,146,-1
257,4,3,0,-1
257,4,4,72,-1
257,4,5,80,4
257,4,6,81,-1
257,4,7,85,0
257,4,8,88,1
257,4,9,87,2
257,4,10,53,3
257,9,0,167,-1
257,9,1,162,-1
257,9,2,164,-1
257,9,3,93,-1
257,9,4,3,-1
257,9,5,169,4
257,9,6,99,-1
257,9,7,175,0
257,9,8,178,1
257,9,9,177,2
257,9,10,124,3
258,0,0,92,-1
258,0,1,22,-1
258,0,2,6,-1
258,0,3,40,-1
258,0,4,4,-1
258,0,5,133,4
258,0,6,7,-1
258,0,7,16,0
258,0,8,11,1
258,0,9,30,2
258,0,10,13,3
258,2,0,36,-1
258,2,1,39,-1
258,2,2,37,-1
258,2,3,1,-1
258,2,4,57,-1
258,2,5,45,4
258,2,6,170,-1
258,2,7,34,0
258,2,8,51,1
258,2,9,104,2
258,2,10,65,3
259,8,0,149,-1
259,8,1,147,-1
259,8,2,150,-1
259,8,3,145,-1
259,8,4,18,-1
259,8,5,151,4
259,8,6,152,-1
259,8,7,173,0
259,8,8,106,1
259,8,9,155,2
259,8,10,161,3
259,9,0,167,-1
259,9,1,164,-1
259,9,2,165,-1
259,9,3,162,-1
259,9,4,163,-1
259,9,5,169,4
259,9,6,172,-1
259,9,7,177,0
259,9,8,179,1
259,9,9,71,2
259,9,10,175,3
260,1,0,19,-1
260,1,1,21,-1
260,1,2,59,-1
260,1,3,110,-1
260,1,4,24,-1
260,1,5,27,4
260,1,6,28,-1
260,1,7,29,0
260,1,8,101,1
260,1,9,176,2
260,1,10,120,3
260,8,0,130,-1
260,8,1,149,-1
260,8,2,18,-1
260,8,3,147,-1
260,8,4,5,-1
260,8,5,154,4
260,8,6,151,-1
260,8,7,161,0
260,8,8,156,1
260,8,9,155,2
260,8,10,159,3
261,9,0,93,-1
261,9,1,167,-1
261,9,2,163,-1
261,9,3,3,-1
261,9,4,165,-1
261,9,5,134,4
261,9,6,99,-1
261,9,7,124,0
261,9,8,175,1
261,9,9,71,2
261,9,10,177,3
261,3,0,144,-1
261,3,1,54,-1
261,3,2,55,-1
261,3,3,56,-1
261,3,4,58,-1
261,3,5,63,4
261,3,6,61,-1
261,3,7,70,0
261,3,8,67,1
261,3,9,69,2
261,3,10,66,3
262,8,0,5,-1
262,8,1,18,-1
262,8,2,147,-1
262,8,3,130,-1
262,8,4,149,-1
262,8,5,152,4
262,8,6,153,-1
262,8,7,155,0
262,8,8,158,1
262,8,9,156,2
262,8,10,159,3
262,2,0,37,-1
262,2,1,39,-1
262,2,2,42,-1
262,2,3,36,-1
262,2,4,1,-1
262,2,5,170,4
262,2,6,46,-1
262,2,7,51,0
262,2,8,104,1
262,2,9,33,2
262,2,10,52,3
263,7,0,77,-1
263,7,1,126,-1
263,7,2,132,-1
263,7,3,109,-1
263,7,4,168,-1
263,7,5,9,4
263,7,6,135,-1
263,7,7,140,0
263,7,8,141,1
263,7,9,137,2
263,7,10,142,3
263,8,0,130,-1
263,8,1,18,-1
263,8,2,149,-1
263,8,3,147,-1
263,8,4,5,-1
263,8,5,152,4
263,8,6,154,-1
263,8,7,173,0
263,8,8,156,1
263,8,9,155,2
263,8,10,161,3
264,4,0,75,-1
264,4,1,74,-1
264,4,2,78,-1
264,4,3,72,-1
264,4,4,146,-1
264,4,5,79,4
264,4,6,81,-1
264,4,7,88,0
264,4,8,103,1
264,4,9,174,2
264,4,10,87,3
264,8,0,149,-1
264,8,1,147,-1
264,8,2,145,-1
264,8,3,130,-1
264,8,4,150,-1
264,8,5,153,4
264,8,6,154,-1
264,8,7,106,0
264,8,8,155,1
264,8,9,159,2
264,8,10,158,3
265,4,0,0,-1
265,4,1,76,-1
265,4,2,74,-1
265,4,3,146,-1
265,4,4,75,-1
265,4,5,79,4
265,4,6,80,-1
265,4,7,88,0
265,4,8,174,1
265,4,9,103,2
265,4,10,85,3
265,3,0,55,-1
265,3,1,58,-1
265,3,2,54,-1
265,3,3,56,-1
265,3,4,144,-1
265,3,5,171,4
265,3,6,61,-1
265,3,7,67,0
265,3,8,66,1
265,3,9,68,2
265,3,10,70,3
266,8,0,149,-1
266,8,1,150,-1
266,8,2,145,-1
266,8,3,5,-1
266,8,4,18,-1
266,8,5,154,4
266,8,6,153,-1
266,8,7,156,0
266,8,8,158,1
266,8,9,161,2
266,8,10,106,3
266,7,0,109,-1
266,7,1,129,-1
266,7,2,126,-1
266,7,3,77,-1
266,7,4,38,-1
266,7,5,8,4
266,7,6,9,-1
266,7,7,139,0
266,7,8,140,1
266,7,9,138,2
266,7,10,141,3
267,6,0,41,-1
267,6,1,112,-1
267,6,2,111,-1
267,6,3,108,-1
267,6,4,73,-1
267,6,5,118,4
267,6,6,117,-1
267,6,7,86,0
267,6,8,119,1
267,6,9,121,2
267,6,10,122,3
267,4,0,0,-1
267,4,1,78,-1
267,4,2,146,-1
267,4,3,76,-1
267,4,4,72,-1
267,4,5,80,4
267,4,6,81,-1
267,4,7,85,0
267,4,8,87,1
267,4,9,174,2
267,4,10,88,3
268,6,0,41,-1
268,6,1,113,-1
268,6,2,73,-1
268,6,3,111,-1
268,6,4,148,-1
268,6,5,116,4
268,6,6,64,-1
268,6,7,122,0
268,6,8,119,1
268,6,9,86,2
268,6,10,125,3
268,2,0,37,-1
268,2,1,36,-1
268,2,2,127,-1
268,2,3,1,-1
268,2,4,39,-1
268,2,5,45,4
268,2,6,46,-1
268,2,7,65,0
268,2,8,48,1
268,2,9,52,2
268,2,10,33,3
269,2,0,57,-1
269,2,1,1,-1
269,2,2,39,-1
269,2,3,37,-1
269,2,4,42,-1
269,2,5,170,4
269,2,6,46,-1
269,2,7,33,0
269,2,8,52,1
269,2,9,65,2
269,2,10,51,3
269,5,0,90,-1
269,5,1,96,-1
269,5,2,94,-1
269,5,3,95,-1
269,5,4,91,-1
269,5,5,136,4
269,5,6,98,-1
269,5,7,107,0
269,5,8,49,1
269,5,9,102,2
269,5,10,157,3
